id,title,availability,condition,description,image_link,link,price,brand,google_product_category,item_group_id
10528,"BELDON POS 80MM THERMAL PRINTER","out of stock",New,"WARRANTY – 1 YEAR  POS – 80 mm BELDON THERMAL RECEIPT BILL PRINTER.  CUTTER LIFE 1.5 MILLION CUTS  WALL MOUNTABLE  PRINTER HEADLIFE 150KM  PRINTING SPEED 230MM/S",https://synnex.lk/wp-content/uploads/2026/04/BNPP-991-USB_0-2.jpeg,https://synnex.lk/product/beldon-pos-80mm-thermal-printer/,"16900.00 LKR",Products,,
10529,"BELDON CASH BASIC COUNTING MACHINE","in stock",New,"Beldon Cash Counter Machine   	Brand – Beldon  	Model – Bn-Mc900i  	Warranty – 1 Year  Features   	Automatic Start, Stop and Clear  	with Uv, mg, ir, dd Detection While Counting  	Automatic Half Note, Chain Note, Double Note Detection  	with Total Value Calculating Function (optional)  Specifications   	Hopper Capacity : 200 Bills  	Stacker Capacity : 200 Bills  	Counting Display : 4 Digits  	Batch Display : 3 Digits",https://synnex.lk/wp-content/uploads/2026/04/BN-MC900i_1-1.jpeg,https://synnex.lk/product/beldon-cash-basic-counting-machine/,"48500.00 LKR",Products,,
10530,"BELDON HEAVY DUTY 5 NOTES AND 8 COINS CASH DRAWER","in stock",New,"BELDON - HEAVY DUTY 5 NOTES AND 8 COINS CASH DRAWER  BRAND: BELDON  MODEL NO: - BN-CD333I  WARRANTY: 1YEAR  5 NOTES &amp; 8 COINS  RJ 11 PORT  AUTOMATED CASH DRAWER CAN CONNECT WITH ANY CASH DRAWER PORT OF POS PRINTERS.  HARDY HEAVY CASH DRAWER WITH RUST FREE METAL  CAN CONNECT WITH ANY CASH DRAWER PORT AVAILABLE",https://synnex.lk/wp-content/uploads/2026/04/e326f6ce-a74a-4081-b0f5-e3c7eaccd963-1.jpg,https://synnex.lk/product/beldon-heavy-duty-5-notes-and-8-coins-cash-drawer/,"15900.00 LKR",Products,,
10531,"Epson - A4 Inktank Printer","in stock",New,"EPSON L1218 A4 INKTANK PRINTER  BRAND - EPSON  MODEL – L1218  WARRANTY - 1 YAER  PRINTER TYPE - COLOR INKJET  CONNECTIVITY - USB  PRINTER TYPE: PRINT  PRINT METHOD: ON-DEMAND INKJET (PIEZOELECTRIC)  PRINTER LANGUAGE: ESC/P-R, ESC/P RASTER  NOZZLE CONFIGURATION:180 X 1 NOZZLES BLACK, 59 X 1 NOZZLES PER COLOR (CYAN, MAGENTA, YELLOW)  MAXIMUM RESOLUTION:5760 X 1440 DPI  AUTOMATIC 2-SIDED PRINTING: NO  PHOTO DEFAULT - 10 X 15 CM / 4 X 6 "" *1: APPROX. 69 SEC PER PHOTO (BORDER) / 90 SEC PER PHOTO (BORDERLESS)*2  DRAFT, A4 (BLACK / COLOR): UP TO 33.0 PPM / 15.0 PPM*2  ISO 24734, A4 SIMPLEX (BLACK / COLOR): UP TO 10.0 IPM / 5.0 IPM*2  FIRST PAGE OUT TIME FROM READY MODE (BLACK / COLOR): APPROX. 10 SEC / 16 SEC*",https://synnex.lk/wp-content/uploads/2026/04/L1218-_-1-1.jpg,https://synnex.lk/product/epson-a4-inktank-printer/,"59000.00 LKR",Products,,
10532,"XPRINTER 2 INCH THERMAL RECEIPT BILL PRINTER","out of stock",New,"&nbsp;      Brand: XPRINTER  Model: XP-58IINT  WARRANTY – 1 YEAR  Interface: USB  Printing Speed: 90mm/s  Supports cash drawer/cash registers",https://synnex.lk/wp-content/uploads/2026/04/WhatsApp-Image-2023-06-17-at-12.03.38-1.jpeg,https://synnex.lk/product/xprinter-2-inch-thermal-receipt-bill-printer/,"7400.00 LKR",Products,,
10533,"BELDON - DESKTOP 2D BARCODE SCANNER - BN- BS 1900D","in stock",New,"Features  Hand-free Platform 2D barcode scanners have big windows for efficient scanning and quick decode suitable for supermarkets.  It supports reading 1D/2D bar codes and QR codes for payment. It is at a favorable cost which helps you to get more market share.",https://synnex.lk/wp-content/uploads/2026/04/Untitled-design-2026-01-20T101237.022-1.png,https://synnex.lk/product/beldon-desktop-2d-barcode-scanner-bn-bs-1900d/,"15500.00 LKR",Products,,
10534,"XPRINTER – 80mm Thermal Receipt Bill Printer  XP-Q805K","out of stock",New,&nbsp;,https://synnex.lk/wp-content/uploads/2026/04/POSX805K-1.jpg,https://synnex.lk/product/xprinter-80mm-thermal-receipt-bill-printer-xp-q805k/,"14500.00 LKR",Products,,
10535,"WIFI & 4G CLOUD IP PAN/TILT CAMERA","in stock",New,"WIFI &amp; 4G CLOUD IP PAN/TILT CAMERA  BRAND - O-KAM Pro  MODEL - P29 WIFI 300W  WARRANTY – 6 Months  4G SIM &amp; WIFI CONNECTION  TF CAED : MICRO SD CARD  MOBILE PHONE QUICK CONFIGURATION  FREE CLOUD STORAGE FOR 30 DAYS EXPERIENCE  INFORMATION PUSH  AP HOTSPOT MODE  ENHANCED INFRARED NIGHT VISION  MULTI PERSON SHARING  VOICE INTERCOM  MOTION DETECTION  REMOTE OPERATION  POWERFUL ANTENNA  EXCELLENT INTERFARED AND SHARP IMAGE IN DARKNESS",https://synnex.lk/wp-content/uploads/2026/04/wifi-camera-1.webp,https://synnex.lk/product/wifi-4g-cloud-ip-pan-tilt-camera/,"9500.00 LKR",Products,,
10536,"XPRINTER - 2 Inch Mobile Thermal Bluetooth Printer","in stock",New,,https://synnex.lk/wp-content/uploads/2026/04/XP-P502A-1.jpg,https://synnex.lk/product/xprinter-2-inch-mobile-thermal-bluetooth-printer/,"13500.00 LKR",Products,,
10537,"BELDON – 2D POCKET/INVENTORY WIRELESS BARCODE SCANNER BN-DC300RS","in stock",New,"BELDON – 2D POCKET WIRELESS BARCODE SCANNER  BRAND – BELDON  MODEL – BN-DC300RS  WARRANTY – 1 YEAR  ONE MILLION PIXEL 1280PIXEL *800 PIXEL.  DON’T NEED ANY DRIVER, PLUG AND PLAY.  READ 1D AND 2D CODE ON SCREEN AND PAPER.  CHARGE TIME IS 3 HOURS AND CONTINUOUS SCANNING TIME IS 24 HOURS.  SUPPORT DOUBLE FIRMWARE UPGRADE ONLINE: WIRELESS AND DECODER.  COMMUNICATION DISTANCE(OPEN AIR) :  SMART BODY, UNIQUE AND ERGONOMIC DESIGN, COMFORTABLE OPERATING SENSE.  SUPPORT SCREEN DISPLAY VERSION (1.44 INCH COLOR SCREEN), REAL-TIME OBSERVATION OF BATTERY POWER， SEE THE READ BARCODE DATA  &nbsp;",https://synnex.lk/wp-content/uploads/2026/04/01-2.jpg,https://synnex.lk/product/beldon-2d-pocket-inventory-wireless-barcode-scanner-bn-dc300rs/,"35000.00 LKR",Products,,
10538,"BELDON POS 2D Wireless Barcode Scanner With Cradle Base  BN-BW109D","in stock",New,"OVERVIEW  	2D WIRELESS IMAGE BARCODE SCANNER  	WITH LED SCREEN FOR BARCODE DATA STORAGE VISIBLE OPTION  	LED SCREEN FOR BARCODE DATA STORAGE VISIBLE OPTION  	READ ALL 1D AND 2D CODE ON SCREEN AND PAPER.  	COMMUNICATION MODEL: 2.4G, BLUETOOTH AND USB-TYPE-B CABLE.  	COMMUNICATION DISTANCE (OPEN AIR): 2.4G:100METERS BT: 40METERS.  	CHARGE TIME IS 3 HOURS AND CONTINUOUS SCANNING TIME IS 24HOURS.  	SUPPORT DOUBLE FIRMWARE UPGRADE ONLINE: WIRELESS AND DECODER.  	THREE LED INDICATOR : GREEN(DECODER LIGHT) RED(CHARGE LIGHT), BLUE(CONNECTION SUCCESS).  	IMAGE(PIXELS) - 1280 PIXELS(H)*800 PIXELS(V)  	SCAN ANGLE - ELEVATION ANGLE 65°/TURN ANGLE  	30°/OFF-ANGLE 55°  	LIGHT SOURCE - AIMING: 617 NM LED;  	ILLUMINATION:4500K LED  	READ RESOLUTION - MORE THAN 5 MIL  	INTERFACE - 2.4G OR BLUETOOTH OR USB CABLE  	PRINT CONTRAST - MORE THAN 25%  	VISUAL INDICATOR - BLUE LED LIGHTS , DOUBLE BUZZER  	BATTERY - 2200MAH CAPACITY",https://synnex.lk/wp-content/uploads/2026/04/01oivyyfc-v-1.jpg,https://synnex.lk/product/beldon-pos-2d-wireless-barcode-scanner-with-cradle-base-bn-bw109d/,"49000.00 LKR",Products,,
10539,"EPSON TM-T81 POS - 3 Inch Thermal Bill Printer With Auto Cutter","out of stock",New,"POS EPSON 3 INCH THERMAL BILL PRINTER WITH AUTO CUTTER  WARRANTY – 1 YEAR  BRAND – EPSON  MODEL – TM-T81  OVERVIEW  SPECIFICATIONS  PRINTING METHOD - DIRECT THERMAL  PRINTING WIDTH - 80MM OR 3 INCH  PRINTING SPEED - 150MM/S  AUTO CUTTER - YES  CASH DRAWER PORT - YES",https://synnex.lk/wp-content/uploads/2026/04/8888-1.png,https://synnex.lk/product/epson-tm-t81-pos-3-inch-thermal-bill-printer-with-auto-cutter/,"36000.00 LKR",Products,,
10540,"80 MM NETWORK THERMAL RECEIPT BILL PRINTER","in stock",New,"BRAND – BELDON  MODEL – BNPP-99I-LAN  WARRANTY – 1YEAR  AUTO- CUTTER, WALL MOUNTABLE.  SUPPORT BOTH 58MMAND 80MM WIDTH PAPER, (300MM/S SUPPORT)  SUPPORT PAGE MODE. (300MM/S SUPPORT)  COMPATIBLE WITH ESC/POS COMMANDS  &nbsp;  &nbsp;",https://synnex.lk/wp-content/uploads/2026/04/BNPP-991-USB_0-1-1.jpeg,https://synnex.lk/product/80-mm-network-thermal-receipt-bill-printer/,"22500.00 LKR",Products,,
10541,"XPRINTER POS - 3 INCH 2 IN 1 DIRECT THERMAL BLUETOOTH BARCODE + RECEIPT BILL PRINTER XP-365B-BLU","in stock",New,"POS - 3 INCH BLUETOOTH BARCODE  LABEL + RECEIPT BILL PRINTER   	BRAND –XPRINTER  	MODEL – XP-365B-BLU  	WARRANTY – 1 YEAR  FEATURES   	PRINTING METHOD - DIRECT THERMAL  	INTERFACE - USB + BLUETOOTH  	NO INK OR RIBBON REQUIRED, MORE ENVIRONMENTALLY FRIENDLY  	RESOLUTION - 203 DPI  	LABEL PRINT SPEED - MAX: 127MM/S  	RECEIPT PRINT SPEED - 220 MM/S  	MAX. PRINT WIDTH - 76MM  	MEMORY - DRAM: 4M FLASH: 4M  	PRINT HEAD LIFE - 100KM",https://synnex.lk/wp-content/uploads/2026/04/365b-1.jpeg,https://synnex.lk/product/xprinter-pos-3-inch-2-in-1-direct-thermal-bluetooth-barcode-receipt-bill-printer-xp-365b-blu/,"29500.00 LKR",Products,,
10542,"XPRINTER T451B – POS 110MM BARCODE PRINTER","in stock",New,"RESOLUTION : 203DPI  	PRINTING METHOD : THERMAL TRANSFER / DIRECT THERMAL  	MAX PRINT SPEED : 127mm/s Max  	MAX PRINT WIDTH : 104mm (4.09”)  	MAX PRINT LENGTH : 1778 mm (70”)  	MAX RIBBON WIDTH : 300 METERS  	PRINT HEAD LIFE : 30KM  	INPUT : AC 110~240V,1.8A, 50-60Hz  	OUTPUT : DC 24V, 2.5A, 60W  	SUPPORTS : WINDOWS/LINUX/MAC",https://synnex.lk/wp-content/uploads/2026/04/XPRINTER-XP-DT426B_2-1.webp,https://synnex.lk/product/xprinter-t451b-pos-110mm-barcode-printer/,"49000.00 LKR",Products,,
10543,"XPRINTER POS – 2IN ONE 80mm Mobile Rugged Receipt Label Printer  XP- P323B","in stock",New,,https://synnex.lk/wp-content/uploads/2026/04/XP-P323B_2-1.jpeg,https://synnex.lk/product/xprinter-pos-2in-one-80mm-mobile-rugged-receipt-label-printer-xp-p323b/,"32500.00 LKR",Products,,
10544,"Biometric Fingerprint Time Attendance Machine With Build Battery Backup  BN - TM910","in stock",New,"BIOMETRIC FINGERPRINT TIME ATTENDANCE MACHINE WITH BUILT BATTERY BACKUP   	WARRANTY - 1 YEAR  	BRAND – BELDON  	MODEL - BN-TM910  SPECIFICATIONS   	FINGERPRINT CAPACITY - 1000  	STORAGE CAPACITY – 100000  	COMMUNICATION: USB PORT, U DISK  	LCD: 2.4 INCH TFT  	VERIFICATION MODE: FINGERPRINT / PASSWORD  	LANGUAGE: ENGLISH",https://synnex.lk/wp-content/uploads/2026/04/WhatsApp-Image-2023-11-27-at-3.23.02-PM-1.jpeg,https://synnex.lk/product/biometric-fingerprint-time-attendance-machine-with-build-battery-backup-bn-tm910/,"25200.00 LKR",Products,,
10545,"Biometric Fingerprint Time Attendance Machine  BN-TM909","in stock",New,"BIOMETRIC FINGER PRINT MACHINE   	WARRANTY - 1 YEAR  	BRAND – BELDON  	MODEL - BN - TM 909  FEATURES   	FINGERPRINT CAPACITY - 1000  	STORAGE CAPACITY – 100000  	COMMUNICATION: USB PORT, U DISK  	LCD: 2.4 INCH TFT  	VERIFICATION MODE: FINGERPRINT / PASSWORD  	LANGUAGE: ENGLISH",https://synnex.lk/wp-content/uploads/2026/04/A2-2-1.jpeg,https://synnex.lk/product/biometric-fingerprint-time-attendance-machine-bn-tm909/,"19000.00 LKR",Products,,
10546,"Biometric Fingerprint Time Attendance Machine With Build Battery Backup   SYN- 911","out of stock",New,,https://synnex.lk/wp-content/uploads/2026/04/WhatsApp_Image_2023-11-27_at_8.28.10_AM-removebg-preview-1.png,https://synnex.lk/product/biometric-fingerprint-time-attendance-machine-with-build-battery-backup-syn-911/,"27500.00 LKR",Products,,
10547,"Biometric Fingerprint Time Attendance Machine With Build Battery Backup SYN - 912","out of stock",New,,https://synnex.lk/wp-content/uploads/2026/04/WhatsApp_Image_2023-11-27_at_8.28.11_AM-removebg-preview-1.png,https://synnex.lk/product/biometric-fingerprint-time-attendance-machine-with-build-battery-backup-syn-912/,"29500.00 LKR",Products,,
10548,"Wi-Fi Biometric Fingerprint Time Attendance With Battery Backup   BN-TM913","in stock",New,,https://synnex.lk/wp-content/uploads/2026/04/SYN913-1.jpg,https://synnex.lk/product/wi-fi-biometric-fingerprint-time-attendance-with-battery-backup-bn-tm913/,"33500.00 LKR",Products,,
10549,"PHILIPS – ALL IN ONE PC With Wi-Fi  PHI-N5095","out of stock",New,,https://synnex.lk/wp-content/uploads/2026/04/Monitor-main-1.jpg,https://synnex.lk/product/philips-all-in-one-pc-with-wi-fi-phi-n5095/,"155000.00 LKR",Products,,
10550,"Rechargeable Wireless Keyboard &amp; Mouse K933","in stock",New,,https://synnex.lk/wp-content/uploads/2026/04/WhatsApp-Image-2024-02-13-at-9.02.59-AM-1-1.jpeg,https://synnex.lk/product/rechargeable-wireless-keyboard-mouse-k933/,"5750.00 LKR",Products,,
10551,"Rechargeable Wireless Keyboard Mouse K936","in stock",New,"WIRELESS KEYBOARD MOUSE  MODEL : K936  WARRANTY - 6 months  NO BATTERY REQUIRED  DELIVERY AVAILABLE",https://synnex.lk/wp-content/uploads/2026/04/WhatsApp-Image-2024-02-13-at-9.03.01-AM-2-1.jpeg,https://synnex.lk/product/rechargeable-wireless-keyboard-mouse-k936/,"6750.00 LKR",Products,,
10552,"XPRINTER Budget Barcode Label Printer XP-237B","in stock",New,"WARRANTY – 1 YEAR  BRAND – XPRINTER  MODEL – XP-237B  PRINT METHOD - DIRECT THERMAL  INTERFACE - USB  BUDGET FRIENDLY AND GOOD QUALITY BARCODE LABEL PRINTING SOLUTION.  NO RIBBON REQUIRED  ONLY THERMAL LABELS  VERY LOW COST PRINTING AND LOW BUDGET BARCODE LABEL PRINTER FOR SMALL BUSINESS  MAX.PRINT SPEED - 50.8 ~ 101 MM/S  MAX.PRINT WIDTH - 48MM  MAX. PRINT LENGTH - MAX.105MM  ELIMINATES THE NEED FOR INK OR TONER, REDUCING OPERATIONAL COSTS AND MAINTENANCE  EASY STICKER LOADING: SIMPLIFIES THE PROCESS OF REPLACEING STICKER ROLL MINIMIZING DOWNTIME  LABEL PAPER AUTO DETECTION  TEMPERATURE CONTROL FUNCTION  MODULARITY DESIGN AND MEET WITH VARIOUS APPLICATIONS",https://synnex.lk/wp-content/uploads/2026/04/XP-237B-3-1.jpg,https://synnex.lk/product/xprinter-budget-barcode-label-printer-xp-237b/,"18500.00 LKR",Products,,
10553,"BELDON Double Pocket Mix Value Cash Counting Machine  BN-TVCO73D","in stock",New,"OVERVIEW   	Cash / Multi–Currency Mix Value Counting and Sorting Machine Sorting And Non-Stop Counting With Reject Pocket  	value discrimination with serial number Capturing and reporting – printing**  	Connect with PC and data transferring and software upgrading ability  	UV+MG+MT+IR Image detecting system and high-quality fake note recognition possibility  	Currency available - EURO, USD, GBP, INR, CNY, SAR, UAD, AUD, CAD and up to 14 currencies optional  	Half note, Chained / Double note detection  	Automatic / Manual start function  	Add function  	Batch presetting function – Value batch and PCS  	Fully self-diagnosis function  	Three counting speeds  	Compact design – compact in size and avant-garde design  	Available ports RS-232, RJ-45 and USB, SD card slot upgrade software",https://synnex.lk/wp-content/uploads/2026/04/white_2K_202605221550.jpeg,https://synnex.lk/product/beldon-double-pocket-mix-value-cash-counting-machine-bn-mc-009vdp/,"295000.00 LKR",Products,,
10554,"TSC- POS 110 mm TSE TE-244 Barcode Sticker Label Printer","out of stock",New,"◗ Print speed up to 127mm/s  ◗ Ribbon roll capacity 300m(Outter roll ribbon)  ◗ Support TSPL, EPL, ZPL, DPL commands  ◗ Support multiple material printing",https://synnex.lk/wp-content/uploads/2026/04/TSE-TE-244-1.jpg,https://synnex.lk/product/tsc-pos-110-mm-tse-te-244-barcode-sticker-label-printer/,"54000.00 LKR",Products,,
10555,"EPSON L3258 Color Built-In Ink Bin Wireless All-In-One","in stock",New,,https://synnex.lk/wp-content/uploads/2026/04/Epson-L3258-A4-Color-Built-In-Ink-Bin-Wireless-All-In-One1-1.webp,https://synnex.lk/product/epson-l3258-color-built-in-ink-bin-wireless-all-in-one/,"75000.00 LKR",Products,,
10556,"EPSON - WI-FI DUPLEX All-IN-ONE INK TANK PRINTER -  L4269","in stock",New,,https://synnex.lk/wp-content/uploads/2026/04/Epson-L3258-Color-Built-In-Ink-Bin-Wireless-All-In-One4-1.jpg,https://synnex.lk/product/epson-wi-fi-duplex-all-in-one-ink-tank-printer-l4269/,"119000.00 LKR",Products,,
10557,"POS Thermal Paper Jumbo Roll 80mm x 80mm","in stock",New,,https://synnex.lk/wp-content/uploads/2026/04/78MM-X-76MM-THERMAL-RECEIPT-ROLL-1.jpg,https://synnex.lk/product/pos-thermal-paper-jumbo-roll-80mm-x-80mm/,"300.00 LKR",Products,,
10577,"POS  58mm/2inch Thermal Paper Roll 56mm * 45mm","in stock",New,,https://synnex.lk/wp-content/uploads/2026/04/58MM-THERMAL-ROLL-1.jpg,https://synnex.lk/product/pos-58mm-2inch-thermal-paper-roll-56mm-45mm/,"90.00 LKR",Products,,
10578,"25mm X 15mm -Thermal Transfer Barcode Label Roll 10000 Pcs Stickers","in stock",New,"Specifications of 25MM X 15MM -Thermal Transfer Barcode Label Roll, 1 Core, 3 Ups, 10000 Pcs Stickers",https://synnex.lk/wp-content/uploads/2026/04/tt05-1.png,https://synnex.lk/product/25mm-x-15mm-thermal-transfer-barcode-label-roll-10000-pcs-stickers/,"3500.00 LKR",Products,,
10579,"30mm X 15mm -Thermal Transfer Barcode Label Roll 10000 Pcs Stickers","in stock",New,,https://synnex.lk/wp-content/uploads/2026/04/phoca_thumb_l_tt145-1.jpg,https://synnex.lk/product/30mm-x-15mm-thermal-transfer-barcode-label-roll-10000-pcs-stickers/,"3500.00 LKR",Products,,
10580,"30mm X 20mm -Thermal Transfer Barcode Label Roll 10000 Pcs Stickers","in stock",New,,https://synnex.lk/wp-content/uploads/2026/04/tt06-1.jpg,https://synnex.lk/product/30mm-x-20mm-thermal-transfer-barcode-label-roll-10000-pcs-stickers/,"3750.00 LKR",Products,,
10581,"33mm X 21mm -Thermal Transfer Barcode Label Roll 10000 Pcs Stickers","in stock",New,,https://synnex.lk/wp-content/uploads/2026/04/tt06-1.jpg,https://synnex.lk/product/33mm-x-21mm-thermal-transfer-barcode-label-roll-10000-pcs-stickers/,"3750.00 LKR",Products,,
10582,"34mm X 25mm -Thermal Transfer Barcode Label Roll 6000 Pcs Stickers","in stock",New,,https://synnex.lk/wp-content/uploads/2026/04/tt06-1.jpg,https://synnex.lk/product/34mm-x-25mm-thermal-transfer-barcode-label-roll-6000-pcs-stickers/,"3900.00 LKR",Products,,
10583,"50mm X 25mm -Thermal Transfer Barcode Label Roll 2000 Pcs Stickers","in stock",New,,https://synnex.lk/wp-content/uploads/2026/04/tt12-1.png,https://synnex.lk/product/50mm-x-25mm-thermal-transfer-barcode-label-roll-2000-pcs-stickers/,"1700.00 LKR",Products,,
10597,"50mm X 25mm -Thermal Transfer Barcode Label Roll 4000 Pcs Stickers","in stock",New,,https://synnex.lk/wp-content/uploads/2026/04/tt12-1.png,https://synnex.lk/product/50mm-x-25mm-thermal-transfer-barcode-label-roll-4000-pcs-stickers/,"2950.00 LKR",Products,,
10598,"100mm X 75mm -Thermal Transfer Barcode Label Roll 500 Pcs Stickers","in stock",New,,https://synnex.lk/wp-content/uploads/2026/04/tt07-1.jpg,https://synnex.lk/product/100mm-x-75mm-thermal-transfer-barcode-label-roll-500-pcs-stickers/,"1950.00 LKR",Products,,
10599,"75mm X 50mm -Thermal Transfer Barcode Label Roll 1000 Pcs Stickers","in stock",New,,https://synnex.lk/wp-content/uploads/2026/04/tt07-1.jpg,https://synnex.lk/product/75mm-x-50mm-thermal-transfer-barcode-label-roll-1000-pcs-stickers/,"1950.00 LKR",Products,,
10600,"100mm X 150mm -Thermal Transfer Barcode Label Roll 250 Pcs Stickers","in stock",New,,https://synnex.lk/wp-content/uploads/2026/04/tt030-1.jpg,https://synnex.lk/product/100mm-x-150mm-thermal-transfer-barcode-label-roll-250-pcs-stickers/,"1950.00 LKR",Products,,
10601,"30MM X 20MM -Direct Thermal Barcode Label Roll 1000 Pcs Stickers","in stock",New,,https://synnex.lk/wp-content/uploads/2026/04/phoca_thumb_l_dt29-2.jpg,https://synnex.lk/product/30mm-x-20mm-direct-thermal-barcode-label-roll-1000-pcs-stickers/,"750.00 LKR",Products,,
10602,"38MM X 25MM -Direct Thermal Barcode Label Roll 1000 Pcs Stickers","in stock",New,,https://synnex.lk/wp-content/uploads/2026/04/phoca_thumb_l_dt29-1-1.jpg,https://synnex.lk/product/38mm-x-25mm-direct-thermal-barcode-label-roll-1000-pcs-stickers/,"850.00 LKR",Products,,
10603,"50MM X 20MM -Direct Thermal Barcode Label Roll 1000 Pcs Stickers","in stock",New,,https://synnex.lk/wp-content/uploads/2026/04/phoca_thumb_l_dt29-1-1.jpg,https://synnex.lk/product/50mm-x-20mm-direct-thermal-barcode-label-roll-1000-pcs-stickers/,"850.00 LKR",Products,,
10615,"50MM X 25MM -Direct Thermal Barcode Label Roll 1000 Pcs Stickers","in stock",New,,https://synnex.lk/wp-content/uploads/2026/04/phoca_thumb_l_dt29-1-1.jpg,https://synnex.lk/product/50mm-x-25mm-direct-thermal-barcode-label-roll-1000-pcs-stickers/,"950.00 LKR",Products,,
10616,"Premium Wax Ribbon - 110MM X 300 Metres Ribbon for Barcode / Label Printers","in stock",New,"This product offers a quality that is second to none. It is durable, reliable, and made from the highest quality materials. It is also backed by a great customer service team that is always willing to help. This product is perfect for anyone looking for an unbeatable combination of quality, reliability, and affordability.",https://synnex.lk/wp-content/uploads/2026/04/resin-110x300-1-1.png,https://synnex.lk/product/premium-wax-ribbon-110mm-x-300-metres-ribbon-for-barcode-label-printers/,"2750.00 LKR",Products,,
10617,"Premium Wax - 80MM X 300 Metres (WAX) Ribbon for Barcode / Label Printers","in stock",New,"This product offers a quality that is second to none. It is durable, reliable, and made from the highest quality materials. It is also backed by a great customer service team that is always willing to help. This product is perfect for anyone looking for an unbeatable combination of quality, reliability, and affordability.",https://synnex.lk/wp-content/uploads/2026/04/resin-60x300-1-1.png,https://synnex.lk/product/premium-wax-80mm-x-300-metres-wax-ribbon-for-barcode-label-printers/,"1950.00 LKR",Products,,
10618,"Premium Wax - 110MM X 74 Metres (WAX) Ribbon for Barcode / Label Printers","in stock",New,"This product offers a quality that is second to none. It is durable, reliable, and made from the highest quality materials. It is also backed by a great customer service team that is always willing to help. This product is perfect for anyone looking for an unbeatable combination of quality, reliability, and affordability.",https://synnex.lk/wp-content/uploads/2026/04/resin-110x74-1-1.png,https://synnex.lk/product/premium-wax-110mm-x-74-metres-wax-ribbon-for-barcode-label-printers/,"1250.00 LKR",Products,,
10619,"Inkanto - 105MM X 300 Metres (WAX) Ribbon for Barcode / Label Printers","out of stock",New,"This product offers a quality that is second to none. It is durable, reliable, and made from the highest quality materials. It is also backed by a great customer service team that is always willing to help. This product is perfect for anyone looking for an unbeatable combination of quality, reliability, and affordability.",https://synnex.lk/wp-content/uploads/2026/04/wax-110x300-1-1.png,https://synnex.lk/product/inkanto-105mm-x-300-metres-wax-ribbon-for-barcode-label-printers/,"3500.00 LKR",Products,,
10620,"Inkanto - 60MM X 300 Metres (WAX) Ribbon for Barcode / Label Printers","out of stock",New,"This product offers a quality that is second to none. It is durable, reliable, and made from the highest quality materials. It is also backed by a great customer service team that is always willing to help. This product is perfect for anyone looking for an unbeatable combination of quality, reliability, and affordability.",https://synnex.lk/wp-content/uploads/2026/04/wax-110x300-1-1.png,https://synnex.lk/product/inkanto-60mm-x-300-metres-wax-ribbon-for-barcode-label-printers/,"1450.00 LKR",Products,,
10622,"POS  110mm/4inch Thermal Paper Roll 110mm * 45mm","in stock",New,,https://synnex.lk/wp-content/uploads/2026/04/110mm-x-50mm-Thermal-Paper-Roll-1.jpg,https://synnex.lk/product/pos-110mm-4inch-thermal-paper-roll-110mm-45mm/,"590.00 LKR",Products,,
10643,"XPRINTER - 80MM DOT MATRIX PRINTER WITH AUTO CUTTER","out of stock",New,,https://synnex.lk/wp-content/uploads/2026/04/Xprinter-XP-C76IIN-High-Quality-USB-POS-76mm-Dot-Matrix-Printer-For-Bank-1.jpg,https://synnex.lk/product/xprinter-80mm-dot-matrix-printer-with-auto-cutter/,"42000.00 LKR",Products,,
10645,"XPRINTER - 80MM KOT ALARM THERMAL RECEIPT PRINTER WITH AUTO CUTTER XP-A260M","in stock",New,,https://synnex.lk/wp-content/uploads/2026/04/XP-A260M-4-1.png,https://synnex.lk/product/xprinter-80mm-kot-alarm-thermal-receipt-printer-with-auto-cutter-xp-a260m/,"27500.00 LKR",Products,,
10646,"XPRINTER - 110 Mm Label Printer with Auto Cutter XP-410B","out of stock",New,"110MM MAX WIDTH DIRECT THERMAL PRINTER. THIS MODEL WILL FIT ALL YOUR LABEL PRINTING PURPOSES.  	AND IT SPECIALLY SUPPORTS SHIPPING LABEL PRINTING.  	IDEAL FOR HOSPITALS TO REPLACE THE 4-INCH DOT MATRIX PRINTER.  	NO RIBBON INK OR CARTRIDGE REQUIRED.  	VERY ECONOMICAL ONLY THERMAL PAPER REQUIRED  	RESOLUTION- 203 DPI  	6 INCHES HIGH SPEED PRINTING  	8MB SDRAM，8 MB FLASH  	HIGH QUALITY DOUBLE-WALLED CLAMSHELL DESIGN  	PRINTHEAD TEMPERATURE INTELLIGENT CONTROL SYSTEM MAKE SURE PRINTER OUTPUT STABLY  	MEDIA TYPE-CONTINUOUS, GAP, BLACK MARK, FAN-FOLD AND PUNCHED HOLE  	MEDIA WIDTH-20 MM ~ 115 MM  	MEDIA THICKNESS 0.06 MM ~ 0.25 MM  	MEDIA LENGTH-10 MM ~1778 MM  	PAPER ROLL DIAMETER-25.4 ~ 76.2 MM (1"" ~ 3"")  	PAPER THICKNESS 0.06 MM ~ 0.25 MM  	LABEL ROLL CAPACITY-127 MM (5”) EXTERNAL DIAMETER  	MICRO SD CARD READER FOR FLASH MEMORY EXPANSION, UP TO 4G  	SENSOR GAP SENSOR  	PRINTER HEAD OPENED SENSOR  	BLACK MARK SENSOR",https://synnex.lk/wp-content/uploads/2026/04/XPrinter-XP-410B-4-Inch-Printer3-1.webp,https://synnex.lk/product/xprinter-110-mm-label-printer-with-auto-cutter-xp-410b/,"32000.00 LKR",Products,,
10647,"BELDON -2D Handheld Wireless Barcode Scanner BN-BS2062R","out of stock",New,"2D HANDHELD WIRELESS BARCODE SCANNER   	BRAND: BELDON  	MODEL: BN-BS2062R  	WARRANTY: 1 YEAR  FEATURES   	INTERFACE – USB  	SCANNER TYPE – 2D SCANNER  	SUPER BATTERY CAPACITY UP TO 2200MAH  	READS ALL 1D AND 2D CODES ON SCREEN AND PAPER  	COMMUNICATION MODE: 2.4G, BLUETOOTH, AND USB-TYPE-B CABLE  COMMUNICATION DISTANCE (OPEN AIR): ➡️ 2.4G – UP TO 100 METERS ➡️ BLUETOOTH – UP TO 40 METERS",https://synnex.lk/wp-content/uploads/2026/04/WhatsApp-Image-2024-04-03-at-11.13.45_b4f63462-2.jpg,https://synnex.lk/product/beldon-2d-handheld-wireless-barcode-scanner-bn-bs2062r/,"22500.00 LKR",Products,,
10648,"Jungle leopard Reformrtion KP650 Power Supply","in stock",New,,https://synnex.lk/wp-content/uploads/2026/04/z5490124443009_361cca7aa21ad2c269d5d51293c27ca6-1.jpg,https://synnex.lk/product/jungle-leopard-reformrtion-kp650-power-supply/,"9900.00 LKR",Products,,
10656,"BELDON - POS Data Collector PDA BN-PDA901","out of stock",New,,https://synnex.lk/wp-content/uploads/2026/04/04-3.jpg,https://synnex.lk/product/beldon-pos-data-collector-pda-bn-pda901/,"165000.00 LKR",Products,,
10657,"BELDON - 2D DATA COLLECTOR / ENTERPRISE MOBILE COMPUTER BN-PDA900","out of stock",New,,https://synnex.lk/wp-content/uploads/2026/04/58d64bb659cfcc6-1.jpg,https://synnex.lk/product/beldon-2d-data-collector-enterprise-mobile-computer-bn-pda900/,"150000.00 LKR",Products,,
10658,"PRICE CHECKER WITH 2D BARCODE SCANNER WITH WIFI BN - PRC019","out of stock",New,,https://synnex.lk/wp-content/uploads/2026/04/WhatsApp-Image-2024-09-24-at-10.04.45-AM-1-1.jpeg,https://synnex.lk/product/price-checker-with-2d-barcode-scanner-with-wifi-bn-prc019/,"99000.00 LKR",Products,,
10659,"XPRINTER ANDROID HANDHELD POS TERMINAL - XP-I100","out of stock",New,,https://synnex.lk/wp-content/uploads/2026/04/POS-6000-B-2-1.webp,https://synnex.lk/product/xprinter-android-handheld-pos-terminal-xp-i100/,"99000.00 LKR",Products,,
10660,"BELDON - 2D INDUSTRIAL DESKTOP LASER BARCODE SCANNER BN-BSD7060","out of stock",New,,https://synnex.lk/wp-content/uploads/2026/04/DESKTOP-BARCODE-SCANNER-SUPERMARKET-1-1.webp,https://synnex.lk/product/beldon-2d-industrial-desktop-laser-barcode-scanner-bn-bsd7060/,"29500.00 LKR",Products,,
10661,"VFD CUSTOMER DISPLAY BN-CD909","out of stock",New,,https://synnex.lk/wp-content/uploads/2026/04/BN-CD909_0-1.png,https://synnex.lk/product/vfd-customer-display-bn-cd909/,"19250.00 LKR",Products,,
10662,"BELDON – HANDHELD CCD BARCODE SCANNER BN-BS207I","out of stock",New,,https://synnex.lk/wp-content/uploads/2026/04/207I-1.webp,https://synnex.lk/product/beldon-handheld-ccd-barcode-scanner-bn-bs207i/,"5900.00 LKR",Products,,
10663,"BELDON OMNI 2D DESKTOP BARCODE SCANNER- BN-BS 1901D","out of stock",New,,https://synnex.lk/wp-content/uploads/2026/04/barcode-scanner-1-1.webp,https://synnex.lk/product/beldon-omni-2d-desktop-barcode-scanner-bn-bs-1901d/,"12500.00 LKR",Products,,
10664,"XPRINTER Heavy Duty - Barcode Receipt Printer with Auto Cutter- XP-Q302F","out of stock",New,,https://synnex.lk/wp-content/uploads/2026/04/Xprinter-XP-Q302F-1.webp,https://synnex.lk/product/xprinter-heavy-duty-barcode-receipt-printer-with-auto-cutter-xp-q302f/,"31900.00 LKR",Products,,
10665,"XPRINTER - 4 Inch Label Printer with Auto Cutter-XP-420B","out of stock",New,,https://synnex.lk/wp-content/uploads/2026/04/420-B-1.webp,https://synnex.lk/product/xprinter-4-inch-label-printer-with-auto-cutter-xp-420b/,"33900.00 LKR",Products,,
10673,"BIOMETRIC FINGERPRINT TIME ATTENDANCE MACHINE WITH CLOUD SOFTWARE  EN-2815TEW","out of stock",New,,https://synnex.lk/wp-content/uploads/2026/04/WhatsApp-Image-2024-10-08-at-5.17.14-PM-copy-1-1.jpg,https://synnex.lk/product/biometric-fingerprint-time-attendance-machine-with-cloud-software-en-2815tew/,"31500.00 LKR",Products,,
10674,"XPRINTER -80MM OR 3 INCH  2 In 1 Direct Thermal  Barcode + Receipt Bill Printer XP-365B-USB","in stock",New,"XPRINTER -80MM Barcode Sticker + Receipt Bill Printer   	BRAND –XPRINTER  	MODEL – XP-365B  	WARRANTY – 1 YEAR  FEATURES   	PRINTING METHOD - DIRECT THERMAL  	INTERFACE - USB  	NO INK OR RIBBON REQUIRED, MORE ENVIRONMENTALLY FRIENDLY  	RESOLUTION - 203 DPI  	LABEL PRINT SPEED - MAX: 127MM/S  	RECEIPT PRINT SPEED - 220 MM/S  	MAX. PRINT WIDTH - 76MM  	MEMORY - DRAM: 4M FLASH: 4M  	PRINT HEAD LIFE - 100KM  	MEDIA TYPE - THERMAL ROLL PAPER, THERMAL ADHESIVE PAPER",https://synnex.lk/wp-content/uploads/2026/04/80MM-BARCODE-WITH-RECEIPT-PRINTER-1-1.webp,https://synnex.lk/product/xprinter-80mm-or-3-inch-2-in-1-direct-thermal-barcode-receipt-bill-printer-xp-365b-usb/,"26500.00 LKR",Products,,
10675,"PHILIPS 21.5 INCH MONITOR - PHI-221V8","out of stock",New,,https://synnex.lk/wp-content/uploads/2026/04/PHI-221V8-2-1.jpg,https://synnex.lk/product/philips-21-5-inch-monitor-phi-221v8/,"24900.00 LKR",Products,,
10678,"CANON ALL IN ONE LASER PRINTER - 232w","out of stock",New,,https://synnex.lk/wp-content/uploads/2026/04/4-1-1.jpg,https://synnex.lk/product/canon-all-in-one-laser-printer-232w/,"72000.00 LKR",Products,,
10679,"HP - LASER PRINTER - 1008a","out of stock",New,,https://synnex.lk/wp-content/uploads/2026/04/PRHP3566-1.jpg,https://synnex.lk/product/hp-laser-printer-1008a/,"36900.00 LKR",Products,,
10680,"CANON 6018 LASER PRINTER","out of stock",New,,https://synnex.lk/wp-content/uploads/2026/04/WhatsApp-Image-2024-12-12-at-10.37.46-AM-3.jpeg,https://synnex.lk/product/canon-6018-laser-printer/,"44500.00 LKR",Products,,
10681,"DCP 650VA LINE INTERACTIVE UPS - DCP650P-T","in stock",New,,https://synnex.lk/wp-content/uploads/2026/04/5555-1.jpg,https://synnex.lk/product/dcp-650va-line-interactive-ups-dcp650p-t/,"13900.00 LKR",Products,,
10682,"3M CAT 6 FULL COPPER 305 METER NETWORK CABLE BOX","in stock",New,,https://synnex.lk/wp-content/uploads/2026/04/3m-utp-cat6-solid-cable-pvc-24awg-wcross-filler-305m-un-reel-box-grey-1.jpg,https://synnex.lk/product/3m-cat-6-full-copper-305-meter-network-cable-box/,"79000.00 LKR",Products,,
10697,"EPSON DOT MATRIX INVOICE PRINTER - LQ-300KH","out of stock",New,,https://synnex.lk/wp-content/uploads/2026/04/WhatsApp-Image-2025-01-16-at-11.05.08-AM-1-1.jpeg,https://synnex.lk/product/epson-dot-matrix-invoice-printer-lq-300kh/,"67000.00 LKR",Products,,
10698,"BELDON 80MM KOT KITCHEN ALARM THERMAL RECEIPT PRINTER-GS-8360","in stock",New,,https://synnex.lk/wp-content/uploads/2026/04/8360-1.jpg,https://synnex.lk/product/beldon-80mm-kot-kitchen-alarm-thermal-receipt-printer-gs-8360/,"25500.00 LKR",Products,,
10699,"KALICNP Dual Side Identity Card Printer - KD82","in stock",New,,https://synnex.lk/wp-content/uploads/2026/04/WhatsApp-Image-2025-02-05-at-16.36.51_f65d3e2e-1.jpg,https://synnex.lk/product/kalicnp-dual-side-identity-card-printer-kd82/,"375000.00 LKR",Products,,
10700,"SUNMI - MOBILE POS TERMINAL POS-SUNMI-V2-PLUS","in stock",New,"Key Features:    	 🔌 USB Type-C OTG Interface – Fast and flexible connectivity   	 🔍 Built-in 2D Desktop Barcode Scanner – Reads all standard 1D &amp; 2D barcodes with high precision   	 📶 NFC Card Reader – Enables seamless contactless payments   	 🖨️ Integrated 80mm Thermal Printer – Quick, quiet, and reliable receipt printing   	 📱 6.22"" Waterdrop Notch Display – Vibrant and intuitive touchscreen interface   	 📷 HD Rear Camera &amp; Snappy Front Camera – Ideal for scanning, ID capture, and video interaction   	 🔋 7.7V / 3500mAh Removable Battery – Long-lasting power with swappable convenience   	 💼 Ultra-Slim Design – Just 16.5mm thick for easy handling and portability",https://synnex.lk/wp-content/uploads/2026/04/SUNMI-O-1.webp,https://synnex.lk/product/sunmi-mobile-pos-terminal-pos-sunmi-v2-plus/,"149000.00 LKR",Products,,
10701,"2D BUDGET DESKTOP BARCODE SCANNER FOR SUPERMARKET PM-BSD234","in stock",New,"MODEL: PM-BSD234 WARRANTY: 1 Year Key Features:    	 Reads both 1D &amp; 2D barcodes (including barcodes displayed on screens)   	 Interfaces: USB &amp; RS232 (Plug and Play)   	 Resolution: 640 x 480 pixels   	 360° omni-directional scanning capability   	 Blue and red LED indicators with double buzzer feedback   	 Scanning capability down to 5 mil resolution with 25% print contrast   	 Durable cable resistant to high temperatures",https://synnex.lk/wp-content/uploads/2026/04/1-removebg-preview-2-1.png,https://synnex.lk/product/2d-budget-desktop-barcode-scanner-for-supermarket-pm-bsd234/,"12500.00 LKR",Products,,
10702,"ZEBRA- DS 9308 2D DESKTOP BARCODE SCANNER","in stock",New,"Physical Characteristics            Dimensions 5.7 in. H x 3.4 in. W x 3.3 in. D 14.5 cm. H x 8.6 cm. W x 8.3 cm. D   Weight 11.2 oz. / 318.0 g   Input Voltage Range 4.5 to 5.5 VDC host powered; 4.5 to 5.5 VDC external power supply   Operating Current at Nominal Voltage (5.0V) Presentation mode: 335mA Trigger mode: 350mA   Standby Current (Idle) at Nominal Voltage (5.0V) Presentation mode: 135mA Trigger mode: 75mA   Color Alpine White, Midnight Black   Supported Host Interfaces USB Certified, RS232, Keyboard Wedge, TGCS (IBM) 46XX over RS485   Keyboard Support Supports over 90 international keyboards   TAA Compliance Trade Agreement Act Compliant (optional on select configurations)   Electronic Article Surveillance Compatible with Checkpoint EAS deactivation system   User Indicators Good decode LEDs, rear view LEDs, beeper (Adjustable tone and volume)",https://synnex.lk/wp-content/uploads/2026/04/DESKTOP-ZEBRA-BARCODE-SCANNER-1-1.webp,https://synnex.lk/product/zebra-ds-9308-2d-desktop-barcode-scanner/,"39000.00 LKR",Products,,
10703,"HONEYWELL ORIBIT DESKTOP 2D BARCODE READER 7120D","in stock",New,"Features     	Features  	Dual Working Modes  	Laser-Imager Hybrid  	Multi-Interface Design      Dimensions     	Overall Dimensions  	10.8 x 10.3 x 14.8 cm  	4.3 x 4.1 x 5.8 in      Scanning Specifications     	Skew  	70      	Scanning Range  	Standard range (SR)      	Scan Pattern  	Hybrid: Omni-Directional and Area Image      	Print Contrast  	35      	Pitch  	60      	Maximum Brightness  	100,000      	Decode Capability  	1D/2D      Hardware     	Host System Interface  	KBW  	RS-232  	RS485  	USB      	Engine Type  	Hybrid      Environmental     	Storage Temperature Range  	- 40 - 140 °F  	- 40 - 60 °C      	Operating Humidity  	5 - 95 %      Others     	Form Factor  	Counter Top      	Standby Current  	255 mA      	Input Voltage  	5 V DC      	Operating Temperature  	0 - 40 °C  	32 - 104 °F      	Warranty Duration  	3 yr      	Brand  	Honeywell      	Scan Distance  	Standard Range (0-1m)      	Power Connector Type  	Corded      	IP Rating  	IP5X      	Connectivity  	Corded",https://synnex.lk/wp-content/uploads/2026/04/ORBIT-BARCODE-SCANNER-1.webp,https://synnex.lk/product/honeywell-oribit-desktop-2d-barcode-reader-7120d/,"49000.00 LKR",Products,,
10704,"HONEYWELL ORIBIT DESKTOP BARCODE READER 7120D","in stock",New,"Features     	Features  	Dual Working Modes  	Laser-Imager Hybrid  	Multi-Interface Design      Dimensions     	Overall Dimensions  	10.8 x 10.3 x 14.8 cm  	4.3 x 4.1 x 5.8 in      Scanning Specifications     	Skew  	70      	Scanning Range  	Standard range (SR)      	Scan Pattern  	Hybrid: Omni-Directional and Area Image      	Print Contrast  	35      	Pitch  	60      	Maximum Brightness  	100,000      	Decode Capability  	1D/2D      Hardware     	Host System Interface  	KBW  	RS-232  	RS485  	USB      	Engine Type  	Hybrid      Environmental     	Storage Temperature Range  	- 40 - 140 °F  	- 40 - 60 °C      	Operating Humidity  	5 - 95 %      Others     	Form Factor  	Counter Top      	Standby Current  	255 mA      	Input Voltage  	5 V DC      	Operating Temperature  	0 - 40 °C  	32 - 104 °F      	Warranty Duration  	3 yr      	Brand  	Honeywell      	Scan Distance  	Standard Range (0-1m)      	Power Connector Type  	Corded      	IP Rating  	IP5X      	Connectivity  	Corded",https://synnex.lk/wp-content/uploads/2026/04/ORBIT-BARCODE-SCANNER-1.webp,https://synnex.lk/product/honeywell-oribit-desktop-barcode-reader-7120d/,"65000.00 LKR",Products,,
10726,"POSMAX – ULTRA FAST 2D BARCODE SCANNER WITH STAND (PM-BS909)","in stock",New,"As Sri Lanka’s number one POS system importer and authorized distributor, we proudly offer the POSMAX PM-BS909 Ultra-Fast 2D Barcode Reader—a powerful, cost-effective solution designed for demanding retail and commercial environments. Built for speed, accuracy, and durability, this high-performance barcode scanner is ideal for supermarkets, warehouses, logistics centers, libraries, and medical facilities. With the ability to read 1D and 2D barcodes directly from screens, it's also a perfect fit for modern payment applications and digital transactions.  Whether connected to a laptop or desktop, the PM-BS909 offers plug-and-play compatibility and ultra-fast data capture, boosting productivity at the point of sale or during inventory tasks.",https://synnex.lk/wp-content/uploads/2026/04/2D-BARCODE-SCANNER-1-1.webp,https://synnex.lk/product/posmax-ultra-fast-2d-barcode-scanner-with-stand-pm-bs909/,"8500.00 LKR",Products,,
10727,"BELDON - WIRELESS BARCODE SCANNER WITH CRADLE BASE (BN-9066RT)","in stock",New,"COMPETITIVE ADVANTAGES:   	 2.4G WIRELESS LASER SCANNING, WITH 100M WIRELESS TRANSMISSION DISTANCE IN THE OPEN YARD.  	2200MAH LITHIUM BATTERY INSIDE FOR LONG LASTING WORKING POS APPLICATIONS.  	WITH WIRELESS RECEIVING AND BATTERY CHARGING BASE, EASILY CHARGE THE SCANNER WHILE AT WORK.  	COMPLETE UNIT INCLUDES SCANNER, BATTERY CHARGER, CABLE, BASE, MANUAL.  FOR THE OCCASIONS OF LARGE-QUANTITY SCANNING AND SMALL BARCODE SCANNING.   	COMMERCIAL POS SYSTEM (SHOPPING MALLS, STORES, SUPERMARKETS).  	LOGISTICS AND WAREHOUSING.  	INDUSTRIAL AND MANUFACTURING MANAGEMENT.",https://synnex.lk/wp-content/uploads/2026/04/WIRELESS-BARCODE-SCANNER-1.webp,https://synnex.lk/product/beldon-wireless-barcode-scanner-with-cradle-base-bn-9066rt/,"19500.00 LKR",Products,,
10728,"ZEBRA DS8178 2D HANDHELD WIRELESS BARCODE READER","in stock",New,"The Zebra DS8178 2D Handheld Wireless Barcode Reader combines advanced hardware with intelligent algorithms to deliver exceptional scanning performance. It instantly captures even the most challenging barcodes—including dense, poorly printed, crinkled, faded, or distorted codes, as well as barcodes displayed on dimly lit screens. With an extended scan range of up to 24 inches (61 cm) and a high-resolution imaging sensor, the DS8178 enhances checkout speed and efficiency. A bright aiming spot ensures fast and accurate targeting, reducing scanning errors and improving workflow in high-demand environments. Built for all-day operation, this scanner provides continuous scanning power for up to 24 hours on a single charge. The Multi-Code Data Formatting (MDF) feature allows users to capture multiple barcodes in one scan and transmit only the required ones, streamlining complex workflows in retail, warehousing, and logistics.    Available Configurations   Choose among these features when configuring for purchase             Scan Range Standard Range High Density    Scan Type 2D 1D Digimarc   Battery Type PowerPrecision+ Li-Ion PowerCap capacitor   Color White Black    Environment Industrial Retail",https://synnex.lk/wp-content/uploads/2026/04/DS-8178-1.webp,https://synnex.lk/product/zebra-ds8178-2d-handheld-wireless-barcode-reader/,"175000.00 LKR",Products,,
10729,"BIXOLON - 80MM MOBILE RECEIPT PRINTER SPP-C300iK","in stock",New,"Excellent Portability and Mobility &nbsp;   	Single Cell Battery featuring best-in-class capacity of 3000 mAh  	Seamless connectivity through USB and Bluetooth®  	Low-temp (-15 °C) printing supported  	Ergonomic and lightweight design (290.5 g)  &nbsp;  	 Convenient Receipt Printing &nbsp;   	Charging and data communication with universal USB Type-C® cable  	Fast print speeds of up to 50 mm/sec  	Web / mobile printing software supported  	A broad range of drivers and SDKs across various platforms including iOS™, Android™, and Windows®  	Media Roll Diameter of up to 50 mm  	  &nbsp;  	 Small yet Durable Design &nbsp;   	Compact size of 104.4 x 126 x 55.5 mm  	Resistant to multiple drops from 1.2 m (4 ft.)  	Intuitive LED Lighting for printer's status  	IP42 water and dust proof",https://synnex.lk/wp-content/uploads/2026/04/bixolon-Spp-C300-Ik-1-1.webp,https://synnex.lk/product/bixolon-80mm-mobile-receipt-printer-spp-c300ik/,"85000.00 LKR",Products,,
10750,"BIXOLON - HIGH PERFORMANCE 80MM POS PRINTER SRP-E302K","in stock",New,"Brand - Bixolon  Warranty - 2 Years  Model - Srp-E302 K  Specifications   	Interface - Usb  	Auto Cutter - Yes  	Print Speed: 220 Mm / S  	Resolution: 203 Dpi  	Print Technology: Thermal Printing  	Paper Size: 80 Mm  	Print Head Durability: 150 Km  	Cutting Knife Durability: 1,500,000 Cutting Times",https://synnex.lk/wp-content/uploads/2026/04/BIXOLON-p-3-1-1.webp,https://synnex.lk/product/bixolon-high-performance-80mm-pos-printer-srp-e302k/,"36000.00 LKR",Products,,
10751,"BIXOLON - HIGH PERFORMANCE 80MM POS  PRINTER  SRP-332 IIIESK","in stock",New,,https://synnex.lk/wp-content/uploads/2026/04/Untitled-design-20-1.jpg,https://synnex.lk/product/bixolon-high-performance-80mm-pos-printer-srp-332-iiiesk/,"45500.00 LKR",Products,,
10752,"SMART DIGITAL DOORLOCK","in stock",New,"FEATURES  IDEAL FOR METAL GRILL DOOR, WOODEN DOOR, HOME DOOR LOCK, OFFICE DOOR LOCK, ETC  UNLOCK WAYS - CARD UNLOCK, PASSWORD UNLOCK, FINGERPRINT UNLOCK, KEY (OPTIONAL FOR TUYA APP OR REMOTE CONTROLLER  FINGERPRINT CAPACITY - &lt;=100  CARD CAPACITY - &lt;=100  PASSWORD CAPACITY - &lt;=100  REMOTE CONTROL CAPACITY - &lt;=30  IF UNAUTHORIZED UNLOCKING IS INCORRECTLY ATTEMPTED MORE THAN 5 TIMES WITHIN 5 MINUTES, THE SYSTEM ENTERS AN INVALID INPUT STATE FOR 90 SECONDS.  IF THERE IS NO OPERATION MORE THAN 10 SECONDS, SYSTEM WILL AUTOMATICALLY EXIT.",https://synnex.lk/wp-content/uploads/2026/04/WhatsApp-Image-2025-06-24-at-09.42.28_7a12126f-1.jpg,https://synnex.lk/product/smart-digital-doorlock/,"32500.00 LKR",Products,,
10753,"Smart Door Lock with Tuya Mobile App","out of stock",New,"Features  	Face Recognition  	Fingerprint Access  	Door Bell  	Rfid Card Access remote  	Authorization Unlocking  	Password Access  	Remote Authorization Unlocking",https://synnex.lk/wp-content/uploads/2026/04/WhatsApp-Image-2025-04-17-at-12.04.48_aa425b01-1.jpg,https://synnex.lk/product/smart-door-lock-with-tuya-mobile-app/,"65000.00 LKR",Products,,
10754,"BELDON - MIX VALUE CASH COUNTING MACHINE BN-MC009V","in stock",New,"    AVAILABLE CURRENCIES    	Counting Speed - 800/1000/1200/1500 Notes/min for T Mode.  	800/1000 Notes/ Min  	Hopper Capcity - 400 - 500 Bills  	Stacker Capacity - 200 Bills  	Detections - Uv (ultraviolet) , Mg (magnetic) , Mt(magnetic Thread) , Image  	Various Moods of Counting Mix, Sort, Pcs",https://synnex.lk/wp-content/uploads/2026/04/6e02530b-50ef-4a75-8793-c925cadf33f9-e1758860116470-1.jpg,https://synnex.lk/product/beldon-mix-value-cash-counting-machine-bn-mc009v/,"179000.00 LKR",Products,,
10755,"SUNMI - MOBILE POS TERMINAL WITH INBUILT PRINTER","in stock",New,"🔷 SUNMI V3 MOBILE POS TERMINAL WITH INBUILT PRINTER 🔷  ✅BRAND - SUNMI  ✅MODEL - SUNMI V3  ✅WARRANTY - 1 YEAR  ✨KEY SPECIFICATIONS:  ✅LASER 2D BARCODE SCANNER — FAST &amp; ACCURATE SCANNING  ✅58MM RECEIPT &amp; LABEL PRINTER — INSTANT PRINTING FOR RECEIPTS &amp; LABELS  ✅6.75” HD+ DISPLAY — CLEAR &amp; RESPONSIVE TOUCHSCREEN  ✅HEXA CORE CPU — SMOOTH &amp; RELIABLE PERFORMANCE  ✅3GB RAM + 32GB STORAGE — FOR EFFICIENT APPLICATION HANDLING  ✅REAR CAMERA — FOR SCANNING OR PHOTO CAPTURE  ✅NANO SIM + MICROSD + PSAM/SIM SLOTS — EXPANDABILITY &amp; VERSATILE USE",https://synnex.lk/wp-content/uploads/2026/04/7a46de4c-48ee-45c8-8b3e-5567ee083d49-2-1.jpg,https://synnex.lk/product/sunmi-mobile-pos-terminal-with-inbuilt-printer/,"95000.00 LKR",Products,,
10756,"SAFE BOX FOR SECURE STORAGE AL-25","in stock",New,,https://synnex.lk/wp-content/uploads/2026/04/AL-20-1.webp,https://synnex.lk/product/safe-box-for-secure-storage-al-20/,"35000.00 LKR",Products,,
10772,"SAFE BOX FOR SECURE STORAGE AL-36","in stock",New,,https://synnex.lk/wp-content/uploads/2026/04/1-1-2.png,https://synnex.lk/product/safe-box-for-secure-storage-al-36/,"45000.00 LKR",Products,,
10773,"SAFE BOX FOR SECURE STORAGE AL-50","in stock",New,,https://synnex.lk/wp-content/uploads/2026/04/1-1-3.jpg,https://synnex.lk/product/safe-box-for-secure-storage-al-50/,"60000.00 LKR",Products,,
10774,"SAFE BOX FOR SECURE STORAGE AL-70","in stock",New,,https://synnex.lk/wp-content/uploads/2026/04/1-3.jpg,https://synnex.lk/product/safe-box-for-secure-storage-al-70/,"88000.00 LKR",Products,,
10775,"BELDON – CORE i7 TOUCH POS MACHINE","out of stock",New,"The Core i7 Touch POS Machine Synnex IT Solutions is a premium all-in-one point-of-sale terminal built for demanding business environments. Featuring a high-speed Intel Core i7 processor, fast SSD storage, and responsive capacitive touch display, it delivers smooth and reliable performance. The dual screen setup (operator touch screen + customer-facing display) enhances customer interaction and transparency. Multiple USB, HDMI, Ethernet and COM ports make it easy to connect printers, scanners, cash drawers and other peripherals. Designed for durability and efficient operation, this POS machine is ideal for retail stores, restaurants, and service counters needing both speed and reliability.",https://synnex.lk/wp-content/uploads/2026/04/i7-single-touch-1.png,https://synnex.lk/product/beldon-core-i7-touch-pos-machine/,"210000.00 LKR",Products,,
10776,"BELDON – CORE i7 TOUCH POS MACHINE WITH CUSTOMER DISPLAY","out of stock",New,"The Core i7 Touch POS Machine Synnex IT Solutions with customer display is a premium all-in-one POS terminal designed for high-demand retail and hospitality environments. Powered by an Intel Core i7 processor and equipped with fast SSD storage and ample RAM, it delivers smooth performance under heavy load. The dual touch displays include a main screen for the operator and a secondary screen facing customers—ideal for transparency, promotions, and interactive billing. With multiple connectivity options (USB, Ethernet, serial), it supports accessories such as receipt printers, scanners, cash drawers, and more. Durable and efficient, this POS system makes checkouts smarter and more engaging.",https://synnex.lk/wp-content/uploads/2026/04/i7-pos-dual-touch-1.png,https://synnex.lk/product/beldon-core-i7-touch-pos-machine-with-customer-display/,"300000.00 LKR",Products,,
10777,"BELDON – CORE i7 TOUCH POS MACHINE WITH TOUCH CUSTOMER DISPLAY","out of stock",New,"The Core i7 Touch POS Machine Synnex IT Solutions is a high-performance all-in-one solution built for demanding retail and hospitality environments. Featuring an Intel Core i7 processor, ample RAM and SSD storage, it delivers fast, responsive performance under heavy use. The dual touch-screen setup includes a capacitive main display for the operator and a customer-facing touch display to enhance customer interaction. With multiple USB, Ethernet, and serial ports, you’ll have versatile connectivity for printers, barcode scanners, cash drawers, and other POS peripherals. This POS machine combines speed, durability, and user engagement in a single, stylish unit.",https://synnex.lk/wp-content/uploads/2026/04/i7-pos-dual-touch-1.png,https://synnex.lk/product/beldon-core-i7-touch-pos-machine-with-touch-customer-display/,"315000.00 LKR",Products,,
10778,"V8 CAMERA","in stock",New,,https://synnex.lk/wp-content/uploads/2026/04/WhatsApp-Image-2025-09-30-at-10.03.21-e1759209754849-1.jpeg,https://synnex.lk/product/v8-camera/,"6000.00 LKR",Products,,
10779,Q93-H,"in stock",New,,https://synnex.lk/wp-content/uploads/2026/04/WhatsApp-Image-2025-09-30-at-10.03.05-1.jpeg,https://synnex.lk/product/q93-h/,"6000.00 LKR",Products,,
10797,"Z7 CAM","in stock",New,,https://synnex.lk/wp-content/uploads/2026/04/WhatsApp-Image-2025-09-30-at-10.02.21-1.jpeg,https://synnex.lk/product/z7-cam/,"5000.00 LKR",Products,,
10798,"BELDON-BN-HR07-3D 3D Face Recognition Smart Door Lock","out of stock",New,"The 3D Face Recognition Smart Door Lock BN-HR07-3D Synnex IT Solutions offers advanced biometric security with multiple access methods, including 3D facial recognition, fingerprint scanning, password input, and NFC card access. Designed for modern homes and offices, it features a sleek, durable build and integrates with the Tuya Smart app for remote management. The lock supports automatic locking, low battery alerts, and emergency power options, ensuring reliable performance. Ideal for those seeking a blend of advanced technology and convenience, the BN-HR07-3D enhances both security and user experience.",https://synnex.lk/wp-content/uploads/2026/04/3-1-2.png,https://synnex.lk/product/beldon-bn-hr07-3d-3d-face-recognition-smart-door-lock/,"50000.00 LKR",Products,,
10799,"BELDON-BN-B12 Glass Door Smart Fingerprint Lock","in stock",New,"The Glass Door Smart Fingerprint Lock BN‑B12 Synnex IT Solutions is designed for glass doors, offering advanced biometric security with multiple access methods, including fingerprint recognition, NFC card, and password input. It features a sleek, modern design that complements glass installations, ensuring both aesthetics and security. The lock supports Bluetooth connectivity via the Tuya Smart app, allowing for remote management and monitoring. Ideal for offices, retail spaces, and modern homes, the BN‑B12 combines convenience with cutting-edge technology to enhance access control and security.",https://synnex.lk/wp-content/uploads/2026/04/1-2-1.png,https://synnex.lk/product/beldon-bn-b12-glass-door-smart-fingerprint-lock/,"42000.00 LKR",Products,,
10800,"BELDON-BN-S61 3D Face Recognition Smart Door Lock","in stock",New,"🔐 SMART DOOR LOCK WITH 3D FACE RECOGNITION  🏷️BRAND - BELDON 📦MODEL - BN-S61 🛡️WARRANTY - 1 YEAR  SPECIFICATION 🔓UNLOCK WAYS 😎3D FACE RECOGNITION 👆 FINGERPRINT 💳 RFID CARD 🔢 PASSWORD 📱REMOTE ACCESS (TUYA APP) 🚨BUILT IN ALARM SYSTEM 🎥BUILT - IN CCTV CAMERA 🪙DURABLE METALLIC BODY",https://synnex.lk/wp-content/uploads/2026/04/3-4-1.png,https://synnex.lk/product/beldon-bn-s61-3d-face-recognition-smart-door-lock/,"75000.00 LKR",Products,,
10801,"BELDON-BN-L80 3D Face Recognition Smart Door Lock","in stock",New,"The 3D Face Recognition Smart Door Lock BN-L80 Synnex IT Solutions offers advanced biometric security with seamless access control. It features 3D facial recognition for fast, touch-free unlocking, along with fingerprint, password, and RFID card modes for alternate access. The lock stores multiple user profiles and usage logs for tracking who enters and when. Designed for durability and modern aesthetics, it fits standard door thicknesses and includes backup options like mechanical key or emergency power. Ideal for homes, offices, and smart buildings, the BN-L80 enhances security while giving you convenience at your doorstep.",https://synnex.lk/wp-content/uploads/2026/04/2-5-1.png,https://synnex.lk/product/beldon-bn-l80-3d-face-recognition-smart-door-lock/,"65000.00 LKR",Products,,
10802,"BELDON-BN-F-31 Fingerprint Smart Door Lock","in stock",New,"The Fingerprint Smart Door Lock BN-F-31 by BELDON offers a modern security solution featuring multiple access methods, including fingerprint recognition, NFC card, and password. It is categorized under biometrics and security solutions, making it suitable for enhancing entry control in homes or offices. The product is publicly available and has a favorable SEO score, indicating good visibility in search results. The release date is set for September 30, 2025, ensuring it is a recent addition to the market.  This product is positioned to meet contemporary security needs, making it a relevant choice for consumers looking for reliable access control systems.",https://synnex.lk/wp-content/uploads/2026/04/Untitled-design-91-1.png,https://synnex.lk/product/beldon-bn-f-31-fingerprint-smart-door-lock/,"32000.00 LKR",Products,,
10803,"BELDON-BN-S01 3D Face Recognition Smart Door Lock","in stock",New,"🔐 SMART DOOR LOCK WITH 3D FACE RECOGNITION  🏷️BRAND - BELDON 📦MODEL - BN-S01 🛡️WARRANTY - 1 YEAR  SPECIFICATION 🔓UNLOCK WAYS 😎3D FACE RECOGNITION 👆 FINGERPRINT 💳 RFID CARD 🔢 PASSWORD 📱REMOTE ACCESS (TUYA APP) 🚨BUILT IN ALARM SYSTEM 🎥BUILT - IN CCTV CAMERA 🪙STRONG METALLIC BODY",https://synnex.lk/wp-content/uploads/2026/04/2-7-1.png,https://synnex.lk/product/beldon-bn-s01-3d-face-recognition-smart-door-lock/,"75000.00 LKR",Products,,
10816,"BELDON - BN-D2 Smart Door Access Controller For Glass Door","in stock",New,"The Smart Door Access Controller BN-D2 Synnex IT Solutions is tailored for glass doors, offering both style and high security. It supports multiple unlocking methods—fingerprint, PIN code, and RFID card—for flexible access options. Built with durable materials that won’t impede the transparency or aesthetics of glass surfaces, this lock delivers a clean and modern look. The installation is designed to suit glass doors (without affecting visibility), using strong adhesive or clamps (depending on your model). With power supply and emergency key or USB-power backup, the BN-D2 provides reliability as well as convenience. Perfect for office fronts, glass partitions, or showrooms where visibility and security go hand in hand.    &nbsp;",https://synnex.lk/wp-content/uploads/2026/04/3-10.png,https://synnex.lk/product/beldon-bn-d2-smart-door-access-controller-for-glass-door/,"59000.00 LKR",Products,,
10817,"BIOMETRIC FINGERPRINT TIME ATTENDANCE MACHINE BN-T109A","out of stock",New,"The Biometric Fingerprint Time Attendance Machine BN-T109A Synnex IT Solutions combines accuracy and reliability to streamline attendance management in offices, factories, and institutions. It supports fingerprint verification (with additional modes such as PIN or card where applicable), and stores a significant number of user templates and attendance logs. With features such as USB or network data export, intuitive LCD interface, and robust build quality, the BN-T109A is built for daily use in demanding environments. Installing this device helps reduce errors, prevent buddy punching, and simplify HR record-keeping.",https://synnex.lk/wp-content/uploads/2026/04/WhatsApp-Image-2025-10-09-at-12.05.16-1.png,https://synnex.lk/product/biometric-fingerprint-time-attendance-machine-bn-t109a/,"35000.00 LKR",Products,,
10818,"BIOMETRIC FINGERPRINT TIME ATTENDANCE MACHINE BN-T109B","out of stock",New,"The Biometric Fingerprint Time Attendance Machine BN-T109B Synnex IT Solutions is designed to streamline employee tracking with fast and accurate fingerprint recognition. With capacity for  users and storage for up to  attendance logs, this device supports multiple verification modes such as fingerprint, ID card, and password input. Features include a clear LCD screen, USB or network data export, and durable build quality suited for daily, heavy usage. Ideal for offices, factories or schools, the BN-T109B helps reduce time theft and administrative workload while improving attendance accuracy.",https://synnex.lk/wp-content/uploads/2026/04/WhatsApp-Image-2025-10-09-at-12.05.16-1.png,https://synnex.lk/product/biometric-fingerprint-time-attendance-machine-bn-t109b/,"32000.00 LKR",Products,,
10819,"ZEBRA Heavy Duty Label Printer ZD-888TA","in stock",New,"The Zebra 4-inch Thermal Transfer Industrial Label Printer ZD888TA is a robust industrial solution designed for high-volume, professional labeling. It supports both direct thermal and thermal transfer modes, with a maximum print width of approximately 104 mm (4.09″) and speeds up to 152 mm/s (6 ips). s-telekom.ru+2docs.zebra.com+2 Built on a reinforced frame with side-loading design and intuitive control, this printer ensures durability and ease of operation. Zebra Technologies+1 Connectivity options include USB, Ethernet, and support for ZPL/EPL command languages. s-telekom.ru+1 Ideal for warehouses, manufacturing, logistics, and high-demand retail environments, the ZD888TA combines power, precision, and reliability in a compact industrial printer.",https://synnex.lk/wp-content/uploads/2026/04/Heavy-Duty_ZD-230-_0-1.jpg,https://synnex.lk/product/zebra-heavy-duty-label-printer-zd-888ta/,"58500.00 LKR",Products,,
10820,"ZEBRA 4 INCH THERMAL TRANSFER INDUSTRIAL LABEL PRINTER ZT230","in stock",New,"The Zebra 4-inch Thermal Transfer Industrial Label Printer ZT230 is a robust, high-performance solution for industrial labeling needs. It supports both direct-thermal and thermal-transfer printing methods, with a printing width up to ~104 mm (4.09″) and speeds up to 152 mm/s (6″/sec). Zebra Technologies+2Accelerator+2 Built with an all-metal frame, this printer is designed for demanding environments. Infokod+2docs.zebra.com+2 Media handling is made easy with side-loading design and intuitive guides. Infokod+2Zebra Technologies+2 Connectivity options include USB, LAN, serial, and parallel interfaces. Accelerator+2Zebra Technologies+2 The ZT230 also features the Link-OS platform for remote management and seamless integration. Infokod+2Zebra Technologies+2 Ideal for manufacturing, shipping, warehousing, retail, and healthcare, this printer delivers reliable label printing at scale.",https://synnex.lk/wp-content/uploads/2026/04/zebra-zt230-1.jpg,https://synnex.lk/product/zebra-4-inch-thermal-transfer-industrial-label-printer-zt230/,"320000.00 LKR",Products,,
10821,"BIXOLON-4-INCH THERMAL TRANSFER LABEL PRINTER XT3-40","in stock",New,"&nbsp;    &nbsp;",https://synnex.lk/wp-content/uploads/2026/04/WhatsApp-Image-2025-10-28-at-11.14.13-2-1.jpeg,https://synnex.lk/product/bixolon-4-inch-thermal-transfer-label-printer-xt3-40/,"285000.00 LKR",Products,,
10822,"BELDON –  HANDHELD WIRELESS BARCODE SCANNER BN-BS207R","out of stock",New,"POS - HEAVY DUTY LASER WIRELESS BARCODE READER  🏷️ BRAND: BELDON 🔢 MODEL: BN-BS207R 🛡️ WARRANTY: 1 YEAR  ✨ FEATURES  🧼 WITH DUSTPROOF PROTECTION – BUILT TO LAST EVEN IN TOUGH ENVIRONMENTS.  🔍 DECODES MOST POPULAR BARCODES – COMPATIBLE WITH A WIDE RANGE OF BARCODE FORMATS.  💻 READY FOR ALL POS SYSTEMS – PERFECT FOR RETAIL, SUPERMARKETS, AND WAREHOUSES.  ⚡ PLUG AND PLAY – NO DRIVERS NEEDED, EASY TO OPERATE RIGHT OUT OF THE BOX.  🤲 ERGONOMIC DESIGN – COMFORTABLE TO HOLD, IDEAL FOR LONG HOURS OF SCANNING.  🚀 USING LATEST DECODER TECHNOLOGY – PROVIDES QUICK, FLUENT, AND ACCURATE SCANNING PERFORMANCE.  💡🔊 GREEN LED INDICATOR &amp; LOUD BUZZER SOUND – INSTANT FEEDBACK FOR SUCCESSFUL SCANS.",https://synnex.lk/wp-content/uploads/2026/04/WhatsApp-Image-2024-04-03-at-11.13.45_b4f63462-3.jpg,https://synnex.lk/product/beldon-handheld-wireless-barcode-scanner-bn-bs207r/,"15000.00 LKR",Products,,
10823,"POSMAX PM-CRP-909-DUAL TOUCH POS Machine","out of stock",New,"I5 POS MACHINE WITH DUAL TOUCH DISPLAY   	BRAND - POSMAX  	MODEL - PM-CRP-909-DUAL TOUCH  	WARRANTY - 1 YEAR  FEATURES:   	CORE I5 PROCCESSOR  	8 GB RAM  	256 GB SSD HARD DISK  	15.6 INCH CAPACITIVE TOUCH DISPLAY  	11.6 INCH TOUCH CUSTOMER DISPLAY  	WIFI",https://synnex.lk/wp-content/uploads/2026/04/2-1-3.png,https://synnex.lk/product/posmax-pm-crp-909-dual-touch-pos-machine/,"190000.00 LKR",Products,,
10838,"POSMAX PM-CRP-909-I7-DT i7 10th gen POS Machine","out of stock",New,"i7 POS MACHINE WITH DUAL TOUCH DISPLAY  BRAND: POSMAX MODEL: PM-CRP-909-I7-DT WARRANTY: 1 YEAR   	FEATURES &amp; ADVANTAGES:  	CORE i7 10th Gen PROCESSOR  – SUPER-FAST &amp; SMOOTH PERFORMANCE  	8 GB RAM  – SEAMLESS MULTITASKING  	256 GB SSD  – QUICK STARTUP &amp; DATA ACCESS  	15.6″ MAIN TOUCH DISPLAY  – CLEAR &amp; EASY OPERATION  	11.6″ CUSTOMER DISPLAY  – ENHANCED CUSTOMER EXPERIENCE  	WIFI  𝘼𝙩 𝙎𝙮𝙣𝙣𝙚𝙭 𝙄𝙏, 𝙤𝙪𝙧 𝙨𝙪𝙥𝙥𝙤𝙧𝙩 𝙘𝙤𝙣𝙩𝙞𝙣𝙪𝙚𝙨 𝙗𝙚𝙮𝙤𝙣𝙙 𝙮𝙤𝙪𝙧 𝙥𝙪𝙧𝙘𝙝𝙖𝙨𝙚 — 𝙤𝙪𝙧 𝙚𝙭𝙥𝙚𝙧𝙩 𝙩𝙚𝙖𝙢 𝙞𝙨 𝙖𝙡𝙬𝙖𝙮𝙨 𝙧𝙚𝙖𝙙𝙮 𝙩𝙤 𝙝𝙚𝙡𝙥, 𝙚𝙫𝙚𝙣 𝙖𝙛𝙩𝙚𝙧 𝙬𝙖𝙧𝙧𝙖𝙣𝙩𝙮",https://synnex.lk/wp-content/uploads/2026/04/PM-CRP-909-DUAL_0003_.jpg-1.jpeg,https://synnex.lk/product/posmax-pm-crp-909-i7-dt-i7-10th-gen-pos-machine/,"295000.00 LKR",Products,,
10839,"POSMAX PM-CRP-909-256 POS Machine","out of stock",New,"POS - i5 TOUCH POS MACHINE  BRAND - POSMAX  MODEL - PM-CRP-909-256  WARRANTY - 1 YEAR  FEATURES:  CORE I5 PROCCESSOR  4TH GEN  8 GB RAM  256 GB SSD HARD DISK  15.6 INCH CAPACITIVE TOUCH DISPLAY  WIFI  &nbsp;",https://synnex.lk/wp-content/uploads/2026/04/Gemini_Generated_Image_jylvjwjylvjwjylv-1.png,https://synnex.lk/product/posmax-pm-crp-909-256-pos-machine/,"130000.00 LKR",Products,,
10840,"POSMAX-PM-I7-4GN-SINGLE i7 Touch POS Machine","in stock",New,"i7 SINGLE TOUCH POS MACHINE   	BRAND - POSMAX  	MODEL - PM-I7-4GN-SINGLE  	WARRANTY - 1 YEAR  FEATURES:   	CORE i7 PROCCESSOR  	4TH GEN  	8 GB RAM  	256 GB SSD HARD DISK  	15.6 INCH CAPACITIVE TOUCH DISPLAY  	WIFI",https://synnex.lk/wp-content/uploads/2026/04/Gemini_Generated_Image_71h1wh71h1wh71h1-1.png,https://synnex.lk/product/posmax-pm-i7-4gn-single-i7-touch-pos-machine/,"145000.00 LKR",Products,,
10841,"POSMAX PM-BC091 BASIC CASH COUNTING MACHINE","in stock",New,"BRAND – POSMAX  	MODEL – PM-BC091  	WARRANTY – 1 YEAR    	AUTOMATIC START, STOP AND CLEAR  	WITH UV,MG,IR,DD DETECTION WHILE COUNTING  	AUTOMATIC HALF NOTE, CHAIN NOTE, DOUBLE NOTE DETECTION  	WITH BATCH, ADD AND SELF EXAMINATION FUNCTION  	LCD COLOR CHANGE TO RED WHEN DETECT FAKE NOTE  	WITH TOTAL VALUE CALCULATING FUNCTION (OPTIONAL)  	SOFTWARE CAN BE UPGRADED THROUGH RS-232 PORT",https://synnex.lk/wp-content/uploads/2026/04/BC091-w2-1.png,https://synnex.lk/product/posmax-pm-bc091-basic-cash-counting-machine/,"38500.00 LKR",Products,,
10842,"Multi - Functional Handheld Expire Date Printer","in stock",New,"🔥 Multi-Functional Handheld Inkjet Printer 🔥✨ Print Anywhere. Anytime. On Anything! ✨ 🌟 Key Features:🖐️ Handheld &amp; Portable – Easy to use, lightweight design🔄 Curved &amp; Flat Surface Printing – Bottles, boxes, pipes &amp; more📅 Date &amp; Time Printing📦 Product Details &amp; Batch Codes📲 QR Codes &amp; Barcodes🔤 Custom Text &amp; Multiple Fonts 🎨 Multi-Color Ink Support:🔴 Red | 🟡 Yellow | 🔵 Blue | 🟢 Green | ⚫ Black | ⚪ White 💧 Waterproof Printing – Long-lasting &amp; durable🍾 Alcohol Erasable Ink – Clean &amp; reprint when needed 🏭 Perfect for:✔ Manufacturing✔ Food &amp; Beverage✔ Cosmetics✔ Warehouses✔ Small Businesses &amp; Factories",https://synnex.lk/wp-content/uploads/2026/04/Untitled-design-2025-12-17T134612.890-1.png,https://synnex.lk/product/multi-functional-handheld-expire-date-printer/,"75000.00 LKR",Products,,
10843,"POSMAX PM-I7-4GN-DUAL i7 POS Machine","in stock",New,"i7 TOUCH POS MACHINE WITH DUAL SIDE DISPLAY   	BRAND - POSMAX  	MODEL - PM-I7-4GN-DUAL  	WARRANTY - 1 YEAR  FEATURES:   	CORE i7 PROCCESSOR  	4TH GEN  	8 GB RAM  	256 GB SSD HARD DISK  	15.6 INCH CAPACITIVE TOUCH DISPLAY  	11.6 INCH CUSTOMER DISPLAY  	WIFI  𝘼𝙩 𝙎𝙮𝙣𝙣𝙚𝙭 𝙄𝙏, 𝙤𝙪𝙧 𝙨𝙪𝙥𝙥𝙤𝙧𝙩 𝙘𝙤𝙣𝙩𝙞𝙣𝙪𝙚𝙨 𝙗𝙚𝙮𝙤𝙣𝙙 𝙮𝙤𝙪𝙧 𝙥𝙪𝙧𝙘𝙝𝙖𝙨𝙚 — 𝙤𝙪𝙧 𝙚𝙭𝙥𝙚𝙧𝙩 𝙩𝙚𝙖𝙢 𝙞𝙨 𝙖𝙡𝙬𝙖𝙮𝙨 𝙧𝙚𝙖𝙙𝙮 𝙩𝙤 𝙝𝙚𝙡𝙥, 𝙚𝙫𝙚𝙣 𝙖𝙛𝙩𝙚𝙧 𝙬𝙖𝙧𝙧𝙖𝙣𝙩𝙮",https://synnex.lk/wp-content/uploads/2026/04/PM-CRP-909-DUAL_0002_.jpg-1.jpeg,https://synnex.lk/product/posmax-pm-i7-4gn-dual-i7-pos-machine/,"182500.00 LKR",Products,,
10857,"XPRINTER - 80MM BLUETOOTH THERMAL RECEIPT BILL PRINTER - XP-E200L-BT","in stock",New,"80MM THERMAL RECEIPT BILL PRINTER   	BRAND - XPRINTER  	MODEL - XP-E200L-BT  	WARRANTY - 1 YEAR  FEATURES   	INTERFACE - USB + BLUETOOTH  	PRINTING METHOD - DIRECT THERMAL  	PAPER WIDTH - 80MM  	PRINTING SPEED - 230M/S  	PRINTER HEAD LIFE - 150KM  	CUTTER LIFE - 1.5 MILLION CUTS  	IDEAL FOR - SUPERMARKET, MEDICAL CARE, STORAGE, POST, CATERING, STORE",https://synnex.lk/wp-content/uploads/2026/04/15565939002036-1.png,https://synnex.lk/product/xprinter-80mm-bluetooth-thermal-receipt-bill-printer-xp-e200l-bt/,"27500.00 LKR",Products,,
10858,"XPRINTER - 80MM USB+WIFI THERMAL RECEIPT BILL PRINTER - XP-E200L-WIFI","out of stock",New,"80MM THERMAL RECEIPT BILL PRINTER   	BRAND - XPRINTER  	MODEL - XP-E200L-WIFI  	WARRANTY - 1 YEAR  FEATURES   	INTERFACE - USB + WIFI  	PRINTING METHOD - DIRECT THERMAL  	PAPER WIDTH - 80MM  	PRINTING SPEED - 230M/S  	AUTO CUTTER  	PRINTER HEAD LIFE - 150KM  	CUTTER LIFE - 1.5 MILLION CUTS  	IDEAL FOR - SUPERMARKET, MEDICAL CARE, STORAGE, POST, CATERING, STORE, TAX",https://synnex.lk/wp-content/uploads/2026/04/15565939002036-1.png,https://synnex.lk/product/xprinter-80mm-usbwifi-thermal-receipt-bill-printer-xp-e200l-wifi/,"29000.00 LKR",Products,,
10859,"XPRINTER – 80MM THERMAL RECEIPT BILL PRINTER - XP-Q80B","in stock",New,"POS – 80MM THERMAL RECEIPT / BILL PRINTER   	Brand: XPRINTER  	Model: XP-Q80B  	Warranty: 1 Year  Key Features:   	Interface: USB + Network (LAN)  	Auto Cutter: Yes  	Wall Mountable: Yes  	Paper Support: 80 mm  	Cutter Life: 1.5 Million Cuts  	Print Head Life: 150 KM  	Printing Speed: 230 mm/s",https://synnex.lk/wp-content/uploads/2026/04/WhatsApp-Image-2024-11-28-at-17.10.37_1a90d96d-1.jpg,https://synnex.lk/product/xprinter-80mm-thermal-receipt-bill-printer-xp-q80b/,"15000.00 LKR",Products,,
10860,"BELDON-D01 SMART DOOR LOCK WITH TUYA MOBILE APP","in stock",New,"🔐 SMART DOOR LOCK WITH TUYA MOBILE APP  🛠️ FREE INSTALLATION  🏷️ Brand: Beldon 📦 Model: D01 🛡️ Warranty: 1 Year  ✨ Specifications ✨  👆 Fingerprint Recognition 🗝️ Unlock With A Key 💳 Rfid Card Access 🔢 Password Unlocking 📱 Remote Access (Tuya App) 🔋 Usb Emergency Power Supply",https://synnex.lk/wp-content/uploads/2026/04/Untitled-design-2025-12-27T094721.512-1.png,https://synnex.lk/product/beldon-d01-smart-door-lock-with-tuya-mobile-app/,"38000.00 LKR",Products,,
10861,"POSMAX 6 NOTES &amp; 3 COINS CASH DRAWER","in stock",New,"POS - HEAVY DUTY CASH DRAWER  BRAND - POSMAX MODEL - PM-CD094 WARRANTY - 1 YEAR  FEATURES 6 NOTES 3 COINS RJ 11 PORT (CONNECTS TO RECEIPT PRINTER) COLOR - BLACK THICK GAUGE COLD ROLLED STEEL 3-POSITION KEY LOCK: LOCKED, MANUAL OPEN AND ELECTRICALLY ONLINE AUTOMATED CASH DRAWER CAN CONNECT WITH ANY CASH DRAWER PORT OF POS PRINTERS",https://synnex.lk/wp-content/uploads/2026/04/86f4017d-aabb-4cc7-abef-03e8ee6c858d-1.jpg,https://synnex.lk/product/posmax-6-notes-3-coins-cash-drawer/,"12500.00 LKR",Products,,
10862,"POSMAX PM-BSW234R 2D HANDHELD WIRELESS BARCODE SCANNER","in stock",New,"POS - 2D WIRELESS BARCODE SCANNER  🚀 SCAN FASTER. WORK SMARTER.  BRAND - POSMAX  MODEL - PM-BSW234R  WARRANTY - 1 YEAR  💥 High Performance | Low Price | 1-Year Warranty  🔹 READS 1D &amp; 2D BARCODES – EVEN FROM PHONE SCREENS!  🔹 DUAL CONNECTION – 2.4GHZ WIRELESS (100M) &amp; USB WIRED  🔹 POWER BEAST – 2000+ SCANS ON A SINGLE CHARGE, ALL-DAY USE  🔹 PLUG &amp; PLAY – NO DRIVERS, INSTANT SETUP  🔹 WORKS WITH WINDOWS &amp; LINUX  🔹 IDEAL FOR RETAIL, WAREHOUSE, LOGISTICS, LIBRARY &amp; MEDICAL",https://synnex.lk/wp-content/uploads/2026/04/ffdab313-d7bd-4639-be3c-8d4b74a4e48d-1.jpg,https://synnex.lk/product/posmax-pm-bsw234r-2d-handheld-wireless-barcode-scanner/,"18000.00 LKR",Products,,
10877,"POSMAX PM-BSW234L HANDHELD WIRELESS BARCODE SCANNER","in stock",New,"POS - HIGH SPEED WIRELESS BARCODE SCANNER  🚀 SCAN FASTER. WORK SMARTER.  💥 HIGH PERFORMANCE | LOW PRICE | 1-YEAR WARRANTY  BRAND - POSMAX  MODEL - PM-BSW234L  WARRANTY - 1 YEAR  🔹 READS MANY BARCODES – EVEN FROM PHONE SCREENS!  🔹 DUAL CONNECTION – 2.4GHZ WIRELESS (100M) &amp; USB WIRED  🔹 POWER BEAST – 2000+ SCANS ON A SINGLE CHARGE, ALL-DAY USE  🔹 PLUG &amp; PLAY – NO DRIVERS, INSTANT SETUP  🔹 WORKS WITH WINDOWS &amp; LINUX  🔹 IDEAL FOR RETAIL, WAREHOUSE, LOGISTICS, LIBRARY &amp; MEDICAL  &nbsp;",https://synnex.lk/wp-content/uploads/2026/04/ffdab313-d7bd-4639-be3c-8d4b74a4e48d-1.jpg,https://synnex.lk/product/posmax-pm-bsw234l-handheld-wireless-barcode-scanner/,"13500.00 LKR",Products,,
10878,"BELDON - D05 - SMART DOOR LOCK WITH TUYA MOBILE APP","in stock",New,"SMART DOOR LOCK WITH TUYA MOBILE APP  🛠️ FREE INSTALLATION  🏷️ Brand: Beldon 📦 Model: D05 🛡️ Warranty: 1 Year  ✨ Specifications ✨  👆 Fingerprint Recognition 🗝️ Unlock With A Key 💳 Rfid Card Access 🔢 Password Unlocking 📱 Remote Access (Tuya App)",https://synnex.lk/wp-content/uploads/2026/04/Untitled-design-2025-12-29T091416.812-1.png,https://synnex.lk/product/beldon-d05-smart-door-lock-with-tuya-mobile-app/,"42000.00 LKR",Products,,
10879,"i7 POS Machine Offer 155K","in stock",New,"BIG OFFER: Don't Miss Out! i7 POS Machine Offer 155K. Enhance your business operations with our premium Touch POS Terminal solution, designed for smooth and efficient point-of-sale operations. This system is built for durability and performance, making it ideal for high-traffic business environments. Key Features:  Powerful Performance: Equipped with a fast Intel Core i7 processor, ensuring quick and efficient transactions.  Ample Memory &amp; Storage: Comes with 8GB RAM and 256GB SSD storage for seamless multitasking and data management.  Accurate Touch Response: Experience a user-friendly interface with precise touch capabilities, enhancing customer interactions.  Reliable Printing: Features a reliable 80mm thermal printer for quick and efficient receipt printing.  Secure Cash Handling: Includes a secure cash drawer for safe and organized cash management.  Special Cash Price: LKR 155,000/= Limited Time Discount Take advantage of this exclusive offer and elevate your business efficiency today! Warranty: Enjoy peace of mind with our 1-Year Warranty on the Touch POS Terminal.  Call for More Details:  Phone: 📞 011 255 9466 📞 077 232 4072 📞 077 232 4143  Visit Our Website: 🌐 www.synnex.lk Our Address: NO : 12, DAISY VILLA AVE, R. A. DE MEL MAWATHA, COLOMBO - 04",https://synnex.lk/wp-content/uploads/2026/04/Gemini_Generated_Image_gfk3irgfk3irgfk3-2.png,https://synnex.lk/product/i7-pos-machine-offer-155k/,"155000.00 LKR",Products,,
10880,"POSMAX - MIX VALUE CASH COUNTING MACHINE PM-MC-018V","in stock",New,"    AVAILABLE CURRENCIES    	Counting Speed - 800/1000/1200/1500 Notes/min for T Mode.  	800/1000 Notes/ Min  	Hopper Capcity - 400 - 500 Bills  	Stacker Capacity - 200 Bills  	Detections - Uv (ultraviolet) , Mg (magnetic) , Mt(magnetic Thread) , Image  	Various Moods of Counting Mix, Sort, Pcs  𝘼𝙩 𝙎𝙮𝙣𝙣𝙚𝙭 𝙄𝙏, 𝙤𝙪𝙧 𝙨𝙪𝙥𝙥𝙤𝙧𝙩 𝙘𝙤𝙣𝙩𝙞𝙣𝙪𝙚𝙨 𝙗𝙚𝙮𝙤𝙣𝙙 𝙮𝙤𝙪𝙧 𝙥𝙪𝙧𝙘𝙝𝙖𝙨𝙚 — 𝙤𝙪𝙧 𝙚𝙭𝙥𝙚𝙧𝙩 𝙩𝙚𝙖𝙢 𝙞𝙨 𝙖𝙡𝙬𝙖𝙮𝙨 𝙧𝙚𝙖𝙙𝙮 𝙩𝙤 𝙝𝙚𝙡𝙥, 𝙚𝙫𝙚𝙣 𝙖𝙛𝙩𝙚𝙧 𝙬𝙖𝙧𝙧𝙖𝙣𝙩𝙮",https://synnex.lk/wp-content/uploads/2026/04/PM-MC-018V-1-1.jpg,https://synnex.lk/product/posmax-mix-value-cash-counting-machine-pm-mc-018v/,"142000.00 LKR",Products,,
10881,"BELDON BN - M11 DOOR ACCESS CONTROL SOLUTION","in stock",New,"BELDON BN - M11 DOOR ACCESS CONTROL SOLUTION   	WARRANTY - 1 YEAR  	INSTALLATION &amp; TRAINING FREE OF CHARGE  	GOOD AFTER SALES SUPPORT SERVICE  	8 X 5 TECHNICAL SUPPORT SERVICE  	BRAND - BELDON  	MODEL - BN - M11  SPECIFICATIONS   	ACCESS METHODS:  	FINGERPRINT  	RFID CARD  	PIN CODE  	REMOTE AUTHORIZATION UNLOCKING  	RECHARGEABLE &amp; RELIABLE  	STRONG BUILD QUALITY FOR LONG-TERM USE  	IDEAL FOR: OFFICES | APARTMENTS | VILLAS | WAREHOUSES | CLINICS",https://synnex.lk/wp-content/uploads/2026/04/56d7fc26-96d4-47e8-a931-cd039fe1ff0b-1.jpg,https://synnex.lk/product/beldon-bn-m11-door-access-control-solution/,"79000.00 LKR",Products,,
10882,"POSMAX PM-VCB019 MIX VALUE CASH COUNTING MACHINE","in stock",New,"MIX VALUE CASH COUNTING MACHINE   	Warranty: 1 Year  	Brand: POSMAX  	Model: PM-VCB019  Specifications:   	Counting Speed: 1000 pcs/min  	Hopper Capacity: 200 bills  	Stacker Capacity: 200 bills  	Counting Display: 4 digits  	Batch Display: 3 digits  	Interface: USB, RS-232, RJ-11  	Detection Features: UV (Ultraviolet), MG (Magnetic), IR Image Detection  	Counting Modes: Mix, Sort, PCS  	Error Detection: Half note detection, Double note detection, Chain note detection  	Advanced Security System: UV + MG + MT + IR Image Detecting System  	High-quality fake note recognition for maximum safety  𝘼𝙩 𝙎𝙮𝙣𝙣𝙚𝙭 𝙄𝙏, 𝙤𝙪𝙧 𝙨𝙪𝙥𝙥𝙤𝙧𝙩 𝙘𝙤𝙣𝙩𝙞𝙣𝙪𝙚𝙨 𝙗𝙚𝙮𝙤𝙣𝙙 𝙮𝙤𝙪𝙧 𝙥𝙪𝙧𝙘𝙝𝙖𝙨𝙚 — 𝙤𝙪𝙧 𝙚𝙭𝙥𝙚𝙧𝙩 𝙩𝙚𝙖𝙢 𝙞𝙨 𝙖𝙡𝙬𝙖𝙮𝙨 𝙧𝙚𝙖𝙙𝙮 𝙩𝙤 𝙝𝙚𝙡𝙥, 𝙚𝙫𝙚𝙣 𝙖𝙛𝙩𝙚𝙧 𝙬𝙖𝙧𝙧𝙖𝙣𝙩𝙮",https://synnex.lk/wp-content/uploads/2026/04/Untitled-design-29-1.jpg,https://synnex.lk/product/posmax-pm-vcb019-mix-value-cash-counting-machine/,"120000.00 LKR",Products,,
10903,"BELDON BN-SP999-i7-SINGLE POS MACHINE","in stock",New,"i7 TOUCH POS MACHINE WITH CUSTOMER DISPLAY   	BRAND - BELDON  	MODEL - BN-SP999-I7-SINGLE  	WARRANTY - 1 YEAR  FEATURES:   	CORE i7 PROCCESSOR  	4TH GEN  	8 GB RAM, 256 GB SSD HARD DISK  	15.6 INCH CAPACITIVE TOUCH DISPLAY  	LED CUSTOMER DISPLAY  	WIFI  	IDEAL FOR: RETAIL, SUPERMARKET, RESTAURANTS &amp; CAFES, MEDICAL SHOPS  𝘼𝙩 𝙎𝙮𝙣𝙣𝙚𝙭 𝙄𝙏, 𝙤𝙪𝙧 𝙨𝙪𝙥𝙥𝙤𝙧𝙩 𝙘𝙤𝙣𝙩𝙞𝙣𝙪𝙚𝙨 𝙗𝙚𝙮𝙤𝙣𝙙 𝙮𝙤𝙪𝙧 𝙥𝙪𝙧𝙘𝙝𝙖𝙨𝙚 — 𝙤𝙪𝙧 𝙚𝙭𝙥𝙚𝙧𝙩 𝙩𝙚𝙖𝙢 𝙞𝙨 𝙖𝙡𝙬𝙖𝙮𝙨 𝙧𝙚𝙖𝙙𝙮 𝙩𝙤 𝙝𝙚𝙡𝙥, 𝙚𝙫𝙚𝙣 𝙖𝙛𝙩𝙚𝙧 𝙬𝙖𝙧𝙧𝙖𝙣𝙩𝙮",https://synnex.lk/wp-content/uploads/2026/04/BN-SP999-1-1.png,https://synnex.lk/product/beldon-bn-sp999-i7-single-pos-machine/,"145000.00 LKR",Products,,
10904,"BELDON BN-SP999-I7-DUAL POS MACHINE","out of stock",New,"i7 TOUCH POS MACHINE WITH DUAL SIDE DISPLAY   	BRAND - BELDON  	MODEL - BN-SP999-I7-DUAL  	WARRANTY - 1 YEAR  FEATURES:   	CORE i7 4TH GEN PROCCESSOR  	8 GB RAM, 256 GB SSD HARD DISK  	15.6 INCH CAPACITIVE TOUCH DISPLAY  	11.6 INCH CUSTOMER DISPLAY  	WIFI  	IDEAL FOR: RETAIL, SUPERMARKET, RESTAURANTS &amp; CAFES, MEDICAL SHOPS",https://synnex.lk/wp-content/uploads/2026/04/BN-SP999-DUAL-2.jpg-1.jpeg,https://synnex.lk/product/beldon-bn-sp999-i7-dual-pos-machine/,"180000.00 LKR",Products,,
10905,"BELDON BN-SP999-I7-DUAL TOUCH POS MACHINE","in stock",New,"i7 TOUCH POS MACHINE WITH DUAL TOUCH DISPLAY   	BRAND - BELDON  	MODEL - BN-SP999-I7-DUAL TOUCH  	WARRANTY - 1 YEAR  FEATURES:   	CORE i7 4TH GEN PROCCESSOR  	8 GB RAM, 256 GB SSD HARD DISK  	15.6 INCH CAPACITIVE TOUCH DISPLAY  	11.6 INCH TOUCH CUSTOMER DISPLAY  	WIFI  	IDEAL FOR: RETAIL, SUPERMARKET, RESTAURANTS &amp; CAFES, MEDICAL SHOPS",https://synnex.lk/wp-content/uploads/2026/04/BN-SP999-DUAL-1.jpg-1.jpeg,https://synnex.lk/product/beldon-bn-sp999-i7-dual-touch-pos-machine/,"210000.00 LKR",Products,,
10906,"i7 POS Machine Combo Offer 143K","in stock",New,"BIG OFFER: Don't Miss Out! Limited Time Only i7 POS Machine Offer 143K. Enhance your business operations with our premium Touch POS Terminal solution, designed for smooth and efficient point-of-sale operations. This system is built for durability and performance, making it ideal for high-traffic business environments. Key Features:  Powerful Performance: Equipped with a fast Intel Core i7 processor, ensuring quick and efficient transactions.  Ample Memory &amp; Storage: Comes with 8GB RAM and 256GB SSD storage for seamless multitasking and data management.  Accurate Touch Response: Experience a user-friendly interface with precise touch capabilities, enhancing customer interactions.  Reliable Printing: Features a reliable 80mm thermal printer for quick and efficient receipt printing.  Special Cash Price: LKR 142,900/= Take advantage of this exclusive offer and elevate your business efficiency today! Warranty: Enjoy peace of mind with our 1-Year Warranty on the Touch POS Terminal.  Call for More Details:  Phone: 📞 011 255 9466 📞 077 232 4072 📞 077 232 4143  Visit Our Website: 🌐 www.synnex.lk Our Address: NO : 12, DAISY VILLA AVE, R. A. DE MEL MAWATHA, COLOMBO - 04",https://synnex.lk/wp-content/uploads/2026/04/Offer_01_2.jpg-2.jpeg,https://synnex.lk/product/i7-pos-machine-combo-offer-143k/,"142900.00 LKR",Products,,
10907,"BELDON BN-PVC045 MIX VALUE CASH COUNTING MACHINE","in stock",New,"BELDON MIX VALUE CASH COUNTING MACHINE   	BRAND – BELDON  	MODEL – BN-PVC045  	WARRANTY – 1 YEAR  FEATURES   	MIX VALUE COUNTING  	AUTO CURRENCY IDENTIFICATION  	COUNTERFEIT DETECTION: DETECTIONS - UV (ULTRAVIOLET) , MG (MAGNETIC) , MT(MAGNETIC THREAD) , IMAGE  	ERROR DETECTION: DOUBLE NOTE, HALF NOTE, CHAIN NOTE DETECTION  	SERIAL NUMBERS READING  	COUNTING SPEED: 800/1000/1200 NOTES/MIN  	HOPPER CAPACITY: 500 BILLS  	STACKER CAPACITY: 200 BILLS  	INTERFACE: RS-232, USB, RJ-11  	MULTI LANGUAGE INTERFACE  	6.9 INCH TOUCH SCREEN  𝘼𝙩 𝙎𝙮𝙣𝙣𝙚𝙭 𝙄𝙏, 𝙤𝙪𝙧 𝙨𝙪𝙥𝙥𝙤𝙧𝙩 𝙘𝙤𝙣𝙩𝙞𝙣𝙪𝙚𝙨 𝙗𝙚𝙮𝙤𝙣𝙙 𝙮𝙤𝙪𝙧 𝙥𝙪𝙧𝙘𝙝𝙖𝙨𝙚 — 𝙤𝙪𝙧 𝙚𝙭𝙥𝙚𝙧𝙩 𝙩𝙚𝙖𝙢 𝙞𝙨 𝙖𝙡𝙬𝙖𝙮𝙨 𝙧𝙚𝙖𝙙𝙮 𝙩𝙤 𝙝𝙚𝙡𝙥, 𝙚𝙫𝙚𝙣 𝙖𝙛𝙩𝙚𝙧 𝙬𝙖𝙧𝙧𝙖𝙣𝙩𝙮",https://synnex.lk/wp-content/uploads/2026/04/Untitled-design-38-1.jpg,https://synnex.lk/product/beldon-bn-pvc045-mix-value-cash-counting-machine/,"225000.00 LKR",Products,,
10923,"BELDON BN-H10S Handheld Android POS Machine","in stock",New,"Beldon Handheld Pos Terminal   	Warranty: 1 Year  	Brand: Beldon  	Model: BN-H10S  SPECIFICATIONS   	Operating System: Android 13 – Supports POS and business apps.  	Processor &amp; Memory: 4-core or 8-core CPU with 3GB RAM + 32GB storage.  	Display: 5.5-inch touchscreen – Clear and easy to use.  	Printer: Built-in 58mm thermal receipt printer – Fast bill printing.  	Camera: 5MP rear camera with auto focus (AF).  	Connectivity: Wi-Fi, Bluetooth, optional 4G/3G/2G support.  	Interfaces: Type-C port.  	Battery: Rechargeable battery – Long working hours.  𝘼𝙩 𝙎𝙮𝙣𝙣𝙚𝙭 𝙄𝙏, 𝙤𝙪𝙧 𝙨𝙪𝙥𝙥𝙤𝙧𝙩 𝙘𝙤𝙣𝙩𝙞𝙣𝙪𝙚𝙨 𝙗𝙚𝙮𝙤𝙣𝙙 𝙮𝙤𝙪𝙧 𝙥𝙪𝙧𝙘𝙝𝙖𝙨𝙚 — 𝙤𝙪𝙧 𝙚𝙭𝙥𝙚𝙧𝙩 𝙩𝙚𝙖𝙢 𝙞𝙨 𝙖𝙡𝙬𝙖𝙮𝙨 𝙧𝙚𝙖𝙙𝙮 𝙩𝙤 𝙝𝙚𝙡𝙥, 𝙚𝙫𝙚𝙣 𝙖𝙛𝙩𝙚𝙧 𝙬𝙖𝙧𝙧𝙖𝙣𝙩𝙮",https://synnex.lk/wp-content/uploads/2026/04/Untitled-design-39-1.jpg,https://synnex.lk/product/beldon-bn-h10s-handheld-android-pos-machine/,"69500.00 LKR",Products,,
10924,"BELDON BN-BS702D 2D DESKTOP BARCODE SCANNER","in stock",New,"BELDON 2D DESKTOP BARCODE SCANNER   	BRAND: BELDON  	MODEL: BN-BS702D  	WARRANTY: 1 YEAR  KEY FEATURES   	SUPPORTS BOTH 1D AND 2D BARCODES  	PLUG &amp; PLAY — NO DRIVER INSTALLATION REQUIRED  	HANDLES DIFFICULT/ABNORMAL CODES SUCH AS - FUZZY CODE, COLOR CODE, LAMLNATED CODE, BROKEN CODE, PICATED CODE AND COURIER CODE  	COMPATIBLE WITH LAPTOPS, POS, PCS, AND OTHER DEVICES  	INTERFACE - USB, RS232  	LMAGE SENSOR - 640 PIXELS(H)X480 PIXELS(V)  	HIGH SENSITIVITY HIGH RECOGNITION RATE - SCREEN BARCODE, PAPER BARCODE, ITEMS BARCODE",https://synnex.lk/wp-content/uploads/2026/04/Untitled-design-58-1.jpg,https://synnex.lk/product/beldon-bn-bs702d-2d-desktop-barcode-scanner/,"24000.00 LKR",Products,,
10925,"BELDON BN-BS703D 2D DESKTOP BARCODE SCANNER ","in stock",New,"BELDON 2D DESKTOP BARCODE SCANNER   	BRAND: BELDON  	MODEL: BN-BS703D  	WARRANTY: 1 YEAR  KEY FEATURES   	SUPPORTS BOTH 1D AND 2D BARCODES  	PLUG &amp; PLAY — NO DRIVER INSTALLATION REQUIRED  	HANDS-FREE &amp; OMNI DIRECTIONAL SCANNING  	HIGH SPEED DECODING CAPABILITY  	UNIQUE USER-FRIENDLY DESIGN  	INTERFACE - USB, RS232  	IMAGE SENSOR - 640 PIXELS(H)X480 PIXELS(V)  	METAL BASE MAKES SURE ITS STRONG AND SECURE",https://synnex.lk/wp-content/uploads/2026/04/Untitled-design-61-1.jpg,https://synnex.lk/product/beldon-bn-bs703d-2d-desktop-barcode-scanner/,"24500.00 LKR",Products,,
10926,"X1 SENRAISE Android Touch Pos machine","in stock",New,"X1 SENRAISE Android Touch Pos machine   	Brand - X1 SENRAISE  	Warranty - 1 Year  Specifications   	Operating System: Android 14, 64-bit with smooth performance  	Processor: MTK 8 Core up to 2.3 GHz for fast handling of apps and transactions  	Display: 10.95″ fully multi-touch screen for sharp visuals and easy operation  	4 GB RAM + 64 GB internal storage  	Wi-Fi &amp; Bluetooth Connectivity  	Device Ports: 1 × USB Type-C, 9 × Pogo PIN (rear) for accessory connection  	8000mAh Non-removable Lithium High Capacity Battery  	2 MP (FF) Front + 13 MP (AF) Rear Cameras",https://synnex.lk/wp-content/uploads/2026/04/wmremove-transformed-2-1.jpeg,https://synnex.lk/product/x1-senraise-android-touch-pos-machine/,"137000.00 LKR",Products,,
10928,"P71 Restaurant Order Management Pagers","out of stock",New,"P71 Restaurant Order Management Pagers   	Warranty - 1 Year  	Model - P71  	Number of Pagers – 10  Specifications   	Wireless Queue Calling System – No messy cables  	400m Transmission Distance  	Long battery Life - Built-in 250mAh Battery  	3 Reminder Modes – Vibrate | Beep | Flash  	Pager Size:   	Base: 180*150*35mm  	Pager: 74*50*12mm    	Helps reduce waiting time &amp; improve guest experience  	Easy to install and operate  	Ideal for - Fast Food Restaurants, Bubble Tea Shops, cafes, canteens, Tea Houses",https://synnex.lk/wp-content/uploads/2026/04/H4c62f3ddd42d4a7298df420495fa1898s-1-1.jpg,https://synnex.lk/product/p71-restaurant-order-management-pagers/,"68500.00 LKR",Products,,
10949,"P61 Restaurant Order Management Pagers","out of stock",New,"P61 Restaurant Order Management Pagers   	1 Year Warranty  	Model: P61  	Number of Pagers – 16  Specifications   	Wireless Queue Calling System – No messy cables  	400m Transmission Distance  	Long battery Life - Built-in 250mAh Battery  	3 Reminder Modes – Vibrate | Beep | Flash  	Pager Size:   	Base: 250*154*39mm  	Pager: 74*50*12mm    	Helps reduce waiting time &amp; improve guest experience  	Easy to install and operate  	Ideal for - Fast Food Restaurants, Bubble Tea Shops, cafes, canteens, Tea Houses",https://synnex.lk/wp-content/uploads/2026/04/pg2-1-e1777880477329.jpg,https://synnex.lk/product/p61-restaurant-order-management-pagers/,"98000.00 LKR",Products,,
10950,"X1 SENRAISE Touch POS Machine with 80MM Receipt Printer","in stock",New,"X1 SENRAISE Touch POS Machine with 80MM Receipt Printer   	Brand - X1 SENRAISE  	Warranty - 1 Year  Specifications   	Operating System: Android 14, 64-bit with smooth performance  	Processor: MTK 8 Core up to 2.3 GHz for fast handling of apps and transactions  	Display: 10.95″ fully multi-touch screen for sharp visuals and easy operation  	4 GB RAM + 64 GB internal storage  	Wi-Fi &amp; Bluetooth Connectivity  	Device Ports: 1 × USB Type-C, 9 × Pogo PIN (rear) for accessory connection  	8000mAh Non-removable Lithium High Capacity Battery  	2 MP (FF) Front + 13 MP (AF) Rear Cameras  	80mm integrated thermal printer with auto cutter  	Printing Speed: 250 mm/s  	Printer Ports: 1 × DC, 2 × USB Type-A, 1 × USB Type-C, 1 × RJ45, 1 × RJ11, 1 × RJ12",https://synnex.lk/wp-content/uploads/2026/04/Untitled-design-48-1.jpg,https://synnex.lk/product/x1-senraise-touch-pos-machine-with-80mm-receipt-printer/,"170000.00 LKR",Products,,
10951,"POS Machine Combo Offer 165K","in stock",New,"BIG OFFER: Don't Miss Out! Limited Time Only POS Machine Combo Offer 165K. Enhance your business operations with our premium Touch POS Terminal solution, designed for smooth and efficient point-of-sale operations. This system is built for durability and performance, making it ideal for high-traffic business environments. Key Features:  Powerful Performance: Equipped with a fast Intel Core i7 processor, ensuring quick and efficient transactions.  Ample Memory &amp; Storage: Comes with 8GB RAM and 256GB SSD storage for seamless multitasking and data management.  Accurate Touch Response: Experience a user-friendly interface with precise touch capabilities, enhancing customer interactions.  Reliable Printing: Features a reliable 80mm thermal printer for quick and efficient receipt printing.  Special Cash Price: LKR 165,000/= Take advantage of this exclusive offer and elevate your business efficiency today! Warranty: Enjoy peace of mind with our 1-Year Warranty on the Touch POS Terminal.  Call for More Details:  Phone: 📞 077 232 4143  Visit Our Website: 🌐 www.synnex.lk Our Address: NO : 12, DAISY VILLA AVE, R. A. DE MEL MAWATHA, COLOMBO - 04",https://synnex.lk/wp-content/uploads/2026/04/PM_Offer-II.jpg-1.jpeg,https://synnex.lk/product/pos-machine-combo-offer-165k/,"165000.00 LKR",Products,,
10952,"EPSON TM-T100E 80MM Thermal Receipt Bill Printer","in stock",New,"EPSON 80MM Thermal Receipt Bill Printer   	Brand - Epson  	Model – Tm-T100 E  	Warranty - 1 Year  	Super Fast Printing – 200mm/s  	Max. Resolution – 203 DPI  	80MM Wide Printing  	Auto Cutter for Smooth Operation  	USB + Serial Connectivity  	Supports Cash Drawer  	Long-Lasting Performance – 150M Print Life  Perfect for shops, supermarkets, restaurants &amp; more!",https://synnex.lk/wp-content/uploads/2026/04/Untitled-design-2026-03-18T164318.596-1.png,https://synnex.lk/product/epson-tm-t100e-80mm-thermal-receipt-bill-printer/,"38000.00 LKR",Products,,
10953,"POS Machine Combo Offer 198K","in stock",New,"BIG OFFER: Don't Miss Out! Limited Time Only POS Machine Combo Offer 198K. Enhance your business operations with our premium Touch POS Terminal solution, designed for smooth and efficient point-of-sale operations. This system is built for durability and performance, making it ideal for high-traffic business environments. Key Features:  Powerful Performance: Equipped with a fast Intel Core i7 processor, ensuring quick and efficient transactions.  Ample Memory &amp; Storage: Comes with 8GB RAM and 256GB SSD storage for seamless multitasking and data management.  POS Software: Fast, standalone, offline POS software with maximum features. (No customization or support for this) If you need support and a cloud version with customization, it will cost more on top of this price.  Accurate Touch Response: Experience a user-friendly interface with precise touch capabilities, enhancing customer interactions.  Reliable Printing: Features a reliable 80mm thermal printer for quick and efficient receipt printing.  Restaurant pager: Elarm system for quese  Special Cash Price: LKR 198,000/= Take advantage of this exclusive offer and elevate your business efficiency today! Warranty: Enjoy peace of mind with our 1-Year Warranty on the Touch POS Terminal.  Call for More Details:  Phone: 📞 077 232 4143  Visit Our Website: 🌐 www.synnex.lk Our Address: NO : 12, DAISY VILLA AVE, R. A. DE MEL MAWATHA, COLOMBO - 04",https://synnex.lk/wp-content/uploads/2026/04/PM_Offer-III.jpg-1.jpeg,https://synnex.lk/product/pos-machine-combo-offer-198k/,"199000.00 LKR",Products,,
10954,"Beldon BN-BS701D 2D Desktop Barcode Scanner","in stock",New,"Beldon 2D Desktop Barcode Scanner  Brand: Beldon Model: BN-BS701D Warranty: 2 years  Key Features   	Supports both 1D and 2D barcodes  	Plug &amp; Play — no driver installation required  	Read the coated bar code and mobile phone payment code smoothly  	Quick and accurate reading of universal 1D &amp; 2D code  	Interface - USB(Drive - Free)、RS232、USB-COM  	Image (Pixels) - 640pixels(H) x 480pixels(V)  	System compatibility - Linux、Android、Windows XP、7、8、10、MAC  	Ideal for supermarket, shopping mall, pharmacy, library and other industries",https://synnex.lk/wp-content/uploads/2026/04/AK-9208H_2__5714.jpg-1.jpeg,https://synnex.lk/product/beldon-bn-bs701d-2d-desktop-barcode-scanner/,"29500.00 LKR",Products,,
10972,"ALFA 650VA UPS   ","in stock",New,"ALFA 650VA UPS      BRAND - ALFA    MODEL - ALFA 650   WARRANTY – 1 YEAR     FEATURES:    	OUTPUT PORTS: 2 UNIVERSALS (BS13) GREEN – AC NORMAL | RED – BACKUP/LOW BATTERY | YELLOW – OVERLOAD.  	AVR (AUTOMATIC VOLTAGE REGULATION)   	SURGE PROTECTION.   	COLD START &amp; AUTO-RESTART.   	OUTPUT WAVEFORM: STEPPED SINE WAVE.   	IDEAL FOR PCS, ROUTERS, POS SYSTEMS,  AND SMALL ELECTRONICS",https://synnex.lk/wp-content/uploads/2026/04/ALFA-650-2-2-e1777880292512.jpg,https://synnex.lk/product/alfa-650va-ups/,"13900.00 LKR",Products,,
10973,"ANDROID-Z93 Smart Mobile Pos Terminal","in stock",New,"Smart Mobile Pos Terminal   	Model - ANDROID-Z93  	Warranty - 1 Year  Specifications   	OS - Android 14.0  	Display - 6.26 Inch Touch Screen  	CPU - Octa-Core Processor, 2.0GHz  	1D &amp; 2D Barcode Scanner  	NFC Card Reader  	Thermal Printer - 58/80mm Receipt Printing  	Memory -4GB RAM 32GB ROM  	5MP Rear Camera  	Battery - 3600mAh  	Type C Support",https://synnex.lk/wp-content/uploads/2026/04/Z93-1-2.webp,https://synnex.lk/product/android-z93-smart-mobile-pos-terminal/,"95000.00 LKR",Products,,
10974,"WM-5000V3 - SECURITY GUARD TOUR SYSTEM","in stock",New,"Managing, tracking employees.  	Support 125Khz and 2.4G Reading mode.  	Strong and durable, dustproof and waterproof rating is IP67.  	With flashlight function. Convenient for night patrol.  	Vibration + LED flash prompt working status.  	Long battery life.  	Free Management Software  	Storage Capacity: 60,000 reads  	Rechargeable lithium battery: 3.7V/1150mAh  	Connectivity - USB Cable or Download Station (WM-5000T8) for data transfer  	Reading Mode: RFID 125KHz (Reading distance: 3cm – 5cm),  	2.4G: Reading distance 30m  	Battery Life: 500 reads/day, lasts 30 days continuously",https://synnex.lk/wp-content/uploads/2026/04/V8-2-2.jpg,https://synnex.lk/product/wm-5000v3-security-guard-tour-system/,"48000.00 LKR",Products,,
10975,"POSMAX i7 DUAL TOUCH POS MACHINE","in stock",New,"POSMAX I7 DUAL TOUCH POS MACHINE   	BRAND – POSMAX  	WARRANTY – 1 YEAR  	MODEL - PM-I7-4GEN-DUAL TOUCH  FEATURES:   	CORE i7 PROCCESSOR  	4 TH GEN  	8 GB RAM &amp; 256 GB SSD HARD DISK  	15.6 INCH CAPACITIVE TOUCH DISPLAY  	11.6 CUSTOMER TOUCH DISPLAY  	WIFI",https://synnex.lk/wp-content/uploads/2026/04/Posmax_I7_0005_WhatsApp-Image-2026-04-27-at-14.43.12.jpg.jpeg,https://synnex.lk/product/posmax-i7-dual-touch-pos-machine/,"175000.00 LKR",Products,,
10976,"BN-TP081D BELDON I7 DUAL TOUCH POS MACHINE","in stock",New,"BELDON I7 10th GEN DUAL TOUCH POS MACHINE   	BRAND – BELDON  	WARRANTY – 1 YEAR  	MODEL - BN-TP081D-I7-10GEN-D/T  FEATURES:   	CORE i7 PROCCESSOR  	10thGEN  	8 GB RAM &amp; 256 GB SSD  	15.6 INCH CAPACITIVE TOUCH DISPLAY  	11.6 CUSTOMER TOUCH DISPLAY  	WIFI",https://synnex.lk/wp-content/uploads/2026/04/Beldon_I7_0005_WhatsApp-Image-2026-04-27-at-14.43.12-2.jpg.jpeg,https://synnex.lk/product/bn-tp081d-beldon-i7-dual-touch-pos-machine/,"285000.00 LKR",Products,,
10977,"BN-TP081D BELDON i7 TOUCH POS MACHINE","in stock",New,"BELDON I7 SINGLE DISPLAY TOUCH POS MACHINE   	BRAND – BELDON  	WARRANTY – 1 YEAR  	MODEL - BN-TP081D-I7-10GEN- SINGLE  FEATURES:   	CORE i7 PROCCESSOR  	10TH GEN  	8 GB RAM &amp; 256 GB SSD  	15.6 INCH CAPACITIVE TOUCH DISPLAY  	WIFI",https://synnex.lk/wp-content/uploads/2026/04/Beldon_I7_0003_WhatsApp-Image-2026-04-27-at-14.43.12-4.jpg.jpeg,https://synnex.lk/product/bn-tp081d-beldon-i7-touch-pos-machine/,"225000.00 LKR",Products,,
10993,"Android Touch Cash Register with Battery Backup","in stock",New,"ANDROID SMART TOUCH CASH REGISTER WITH BATTERY BACKUP   	MODEL - Z100  	WARRANTY - 1 YEAR  SPECIFICATIONS   	OS - ANDROID 13.0  	CPU - OCTA-CORE PROCESSOR 2.0GHZ  	MEMORY -4GB RAM 32GB ROM  	DISPLAY - 10.1 INCH TOUCH SCREEN  	CUSTOMER DISPLAY - 2.8 INCH CUSTOMER LCD DISPLAY  	BATTERY - 5600MAH  	NFC CARD READER  	1D / 2D BARCODE SCANNING/QR CODE SCANNING  	58/80MM THERMAL RECEIPT PRINTER  	MULTI PORTS - USB TYPE A *4, USB TYPE C, DC PORT, RJ 12 CASH DRAWER, RJ 11, RJ45, MINI USB, POWER KEY, AUDIO JACK",https://synnex.lk/wp-content/uploads/2026/04/place_in_white_background_2K_202604301106-1.jpeg,https://synnex.lk/product/android-touch-cash-register-with-battery-backup/,"125000.00 LKR",Products,,
11365,"SAFE BOX FOR SECURE STORAGE - AL – 2014F","in stock",New,"SMART SAFETY LOCK   	BRAND – BELDON  	MODEL – AL – 2014F  	WARRANTY – 1 YEAR  SPECIFICATIONS:  OPENING METHOD   	FINGERPRINT  	PASSWORD  	MANUAL KEY  	COLOR – BLACK  	WEIGHT – 25KG  	BOX SIZE – LENGTH – 355MM, HEIGHT – 508MM, WIDTH – 355MM",https://synnex.lk/wp-content/uploads/2026/05/AL-2014F-Depository-Safe-with-Drop-Slot-Home-Security-Safe-with-Key-Lock-Durable-and-Secure-Mini-Deposit-Security-Box-1.avif,https://synnex.lk/product/safe-box-for-secure-storage-al-2014f/,"75000.00 LKR",Products,,
11369,"SAFE BOX FOR SECURE STORAGE - AL – 70B","in stock",New,"SMART SAFETY LOCK   	BRAND – BELDON  	MODEL – AL – 70B  	WARRANTY – 1 YEAR  SPECIFICATIONS:  OPENING METHOD   	FINGERPRINT  	PASSWORD  	MANUAL KEY  	COLOR – BLACK  	WEIGHT – 27KG  	BOX SIZE – LENGTH – 400MM, HEIGHT – 600MM, WIDTH – 350MM",https://synnex.lk/wp-content/uploads/2026/05/mak_this_image_high_qulaity_202605251717.jpeg,https://synnex.lk/product/safe-box-for-secure-storage-al-70b/,"98000.00 LKR",Products,,
11422,"Luxurious Safe Box for Secure Storage","in stock",New,"SMART SAFETY LOCKER   	MODEL – AL-AI-70R  	WARRANTY – 1 YEAR  SPECIFICATIONS:  OPENING METHOD   	FINGERPRINT  	TUYA MOBILE APP  	PASSWORD  	MANUAL KEY  	COLOR – TEAL COLOR  	WEIGHT – 100KG  	BOX SIZE - LENGTH – 500MM, HEIGHT – 770MM, WIDTH – 555MM",https://synnex.lk/wp-content/uploads/2026/05/download-4.png,https://synnex.lk/product/luxurious-safe-locker/,"355000.00 LKR",Products,,
11442,"T3 MINI Cash Register Machine","in stock",New,"T3 MINI Cash Register Machine   	Model - T3-MINI-CR  	Warranty - 1 Year  	10.1” Capacitive Touchscreen – Smooth &amp; easy operation  	Linux Operating System – Stable &amp; reliable performance  	Built-in Receipt Bill Printer – Fast &amp; clear bill printing  	256MB Memory – Efficient daily operation  	8GB Storage – Store products &amp; sales data easily  	Supports 60,000 PLUs – Perfect for supermarkets &amp; retail shops  ⚡ Fast Billing | Compact Design | User-Friendly System 💼 Ideal for supermarkets, grocery stores, pharmacies &amp; retail businesses.",https://synnex.lk/wp-content/uploads/2026/05/Untitled-design-71.jpg,https://synnex.lk/product/t3-mini-cash-register-machine/,"79000.00 LKR",Products,,
